IssueID;StockAvailable;Price;thumbnail/path;thumbnail/extension
1PCXI00Dsq4iIcyW;6;188.03;http://i.annihil.us/u/prod/marvel/i/mg/a/d0/5697e88b7f4de;jpg
1PCXI00Dsq4iIcyW;0;99.14;http://i.annihil.us/u/prod/marvel/i/mg/a/d0/5697e88b7f4de;jpg
1PCXI00Dsq4iIcyW;6;90.63;http://i.annihil.us/u/prod/marvel/i/mg/a/d0/5697e88b7f4de;jpg
1PCXI00Dsq4iIcyW;2;171.36;http://i.annihil.us/u/prod/marvel/i/mg/a/d0/5697e88b7f4de;jpg
Dcmva3qjvFYSEyS5;3;49.29;http://i.annihil.us/u/prod/marvel/i/mg/7/40/56b36c949f91d;jpg
Dcmva3qjvFYSEyS5;7;77.46;http://i.annihil.us/u/prod/marvel/i/mg/7/40/56b36c949f91d;jpg
Dcmva3qjvFYSEyS5;8;41.98;http://i.annihil.us/u/prod/marvel/i/mg/7/40/56b36c949f91d;jpg
Dcmva3qjvFYSEyS5;0;19.54;http://i.annihil.us/u/prod/marvel/i/mg/7/40/56b36c949f91d;jpg
qKjbzBpbK8clZABz;7;71.55;http://i.annihil.us/u/prod/marvel/i/mg/b/40/image_not_available;jpg
qKjbzBpbK8clZABz;6;205.88;http://i.annihil.us/u/prod/marvel/i/mg/b/40/image_not_available;jpg
qKjbzBpbK8clZABz;8;188.87;http://i.annihil.us/u/prod/marvel/i/mg/b/40/image_not_available;jpg
qKjbzBpbK8clZABz;7;196.54;http://i.annihil.us/u/prod/marvel/i/mg/b/40/image_not_available;jpg
B1a0TASLbrFuqmit;2;18.38;http://i.annihil.us/u/prod/marvel/i/mg/6/03/5697eb1108423;jpg
B1a0TASLbrFuqmit;9;219.60;http://i.annihil.us/u/prod/marvel/i/mg/6/03/5697eb1108423;jpg
B1a0TASLbrFuqmit;6;186.53;http://i.annihil.us/u/prod/marvel/i/mg/6/03/5697eb1108423;jpg
B1a0TASLbrFuqmit;8;9.66;http://i.annihil.us/u/prod/marvel/i/mg/6/03/5697eb1108423;jpg
DIUVDvx96yqwL2zb;2;58.71;http://i.annihil.us/u/prod/marvel/i/mg/4/80/5696b749db926;jpg
DIUVDvx96yqwL2zb;8;120.28;http://i.annihil.us/u/prod/marvel/i/mg/4/80/5696b749db926;jpg
DIUVDvx96yqwL2zb;0;43.06;http://i.annihil.us/u/prod/marvel/i/mg/4/80/5696b749db926;jpg
DIUVDvx96yqwL2zb;5;169.98;http://i.annihil.us/u/prod/marvel/i/mg/4/80/5696b749db926;jpg
lH5YRjmmTmVTUjrP;6;214.11;http://i.annihil.us/u/prod/marvel/i/mg/4/90/5697ec6e69650;jpg
lH5YRjmmTmVTUjrP;3;0.17;http://i.annihil.us/u/prod/marvel/i/mg/4/90/5697ec6e69650;jpg
lH5YRjmmTmVTUjrP;7;120.38;http://i.annihil.us/u/prod/marvel/i/mg/4/90/5697ec6e69650;jpg
lH5YRjmmTmVTUjrP;2;123.04;http://i.annihil.us/u/prod/marvel/i/mg/4/90/5697ec6e69650;jpg
rHFSbFHeXmYHzteu;5;31.46;http://i.annihil.us/u/prod/marvel/i/mg/2/f0/56b36e637a110;jpg
rHFSbFHeXmYHzteu;9;49.21;http://i.annihil.us/u/prod/marvel/i/mg/2/f0/56b36e637a110;jpg
rHFSbFHeXmYHzteu;1;188.15;http://i.annihil.us/u/prod/marvel/i/mg/2/f0/56b36e637a110;jpg
rHFSbFHeXmYHzteu;8;97.24;http://i.annihil.us/u/prod/marvel/i/mg/2/f0/56b36e637a110;jpg
VNJtIowsoe7eTpvI;7;207.48;http://i.annihil.us/u/prod/marvel/i/mg/9/e0/569fc9c0b3f45;jpg
VNJtIowsoe7eTpvI;6;19.08;http://i.annihil.us/u/prod/marvel/i/mg/9/e0/569fc9c0b3f45;jpg
VNJtIowsoe7eTpvI;1;9.72;http://i.annihil.us/u/prod/marvel/i/mg/9/e0/569fc9c0b3f45;jpg
VNJtIowsoe7eTpvI;2;205.94;http://i.annihil.us/u/prod/marvel/i/mg/9/e0/569fc9c0b3f45;jpg
Bf85AVKD8IVTfp7Q;7;114.37;http://i.annihil.us/u/prod/marvel/i/mg/b/40/image_not_available;jpg
Bf85AVKD8IVTfp7Q;6;39.97;http://i.annihil.us/u/prod/marvel/i/mg/b/40/image_not_available;jpg
Bf85AVKD8IVTfp7Q;4;151.16;http://i.annihil.us/u/prod/marvel/i/mg/b/40/image_not_available;jpg
Bf85AVKD8IVTfp7Q;2;41.15;http://i.annihil.us/u/prod/marvel/i/mg/b/40/image_not_available;jpg
uAwrCI6QoULlOuAm;0;201.52;http://i.annihil.us/u/prod/marvel/i/mg/d/60/5697edabe8f47;jpg
uAwrCI6QoULlOuAm;8;187.01;http://i.annihil.us/u/prod/marvel/i/mg/d/60/5697edabe8f47;jpg
uAwrCI6QoULlOuAm;1;116.12;http://i.annihil.us/u/prod/marvel/i/mg/d/60/5697edabe8f47;jpg
uAwrCI6QoULlOuAm;6;62.72;http://i.annihil.us/u/prod/marvel/i/mg/d/60/5697edabe8f47;jpg
85wcS48ou4FnzGKD;0;90.37;http://i.annihil.us/u/prod/marvel/i/mg/9/60/5697eeb183a0a;jpg
85wcS48ou4FnzGKD;9;110.03;http://i.annihil.us/u/prod/marvel/i/mg/9/60/5697eeb183a0a;jpg
85wcS48ou4FnzGKD;3;20.68;http://i.annihil.us/u/prod/marvel/i/mg/9/60/5697eeb183a0a;jpg
85wcS48ou4FnzGKD;0;58.53;http://i.annihil.us/u/prod/marvel/i/mg/9/60/5697eeb183a0a;jpg
8H33TkYrTSUZOyzF;9;221.16;http://i.annihil.us/u/prod/marvel/i/mg/a/00/56b38fc25ec96;jpg
8H33TkYrTSUZOyzF;4;186.97;http://i.annihil.us/u/prod/marvel/i/mg/a/00/56b38fc25ec96;jpg
8H33TkYrTSUZOyzF;6;55.48;http://i.annihil.us/u/prod/marvel/i/mg/a/00/56b38fc25ec96;jpg
8H33TkYrTSUZOyzF;5;161.79;http://i.annihil.us/u/prod/marvel/i/mg/a/00/56b38fc25ec96;jpg
tL9aUwrbhZiEsUV1;4;159.12;http://i.annihil.us/u/prod/marvel/i/mg/b/40/image_not_available;jpg
tL9aUwrbhZiEsUV1;2;142.56;http://i.annihil.us/u/prod/marvel/i/mg/b/40/image_not_available;jpg
tL9aUwrbhZiEsUV1;9;146.49;http://i.annihil.us/u/prod/marvel/i/mg/b/40/image_not_available;jpg
tL9aUwrbhZiEsUV1;1;180.41;http://i.annihil.us/u/prod/marvel/i/mg/b/40/image_not_available;jpg
cSUj7nlNoukpPSCT;7;75.09;http://i.annihil.us/u/prod/marvel/i/mg/b/40/image_not_available;jpg
cSUj7nlNoukpPSCT;5;69.30;http://i.annihil.us/u/prod/marvel/i/mg/b/40/image_not_available;jpg
cSUj7nlNoukpPSCT;8;53.24;http://i.annihil.us/u/prod/marvel/i/mg/b/40/image_not_available;jpg
cSUj7nlNoukpPSCT;0;231.78;http://i.annihil.us/u/prod/marvel/i/mg/b/40/image_not_available;jpg
QvL4J2oaazrxQuNd;2;77.16;http://i.annihil.us/u/prod/marvel/i/mg/b/40/image_not_available;jpg
QvL4J2oaazrxQuNd;2;172.46;http://i.annihil.us/u/prod/marvel/i/mg/b/40/image_not_available;jpg
QvL4J2oaazrxQuNd;3;52.97;http://i.annihil.us/u/prod/marvel/i/mg/b/40/image_not_available;jpg
QvL4J2oaazrxQuNd;8;133.68;http://i.annihil.us/u/prod/marvel/i/mg/b/40/image_not_available;jpg
5nZEiWxly9GSBJoM;4;175.30;http://i.annihil.us/u/prod/marvel/i/mg/7/03/5697f0136114e;jpg
5nZEiWxly9GSBJoM;1;2.20;http://i.annihil.us/u/prod/marvel/i/mg/7/03/5697f0136114e;jpg
5nZEiWxly9GSBJoM;0;205.78;http://i.annihil.us/u/prod/marvel/i/mg/7/03/5697f0136114e;jpg
5nZEiWxly9GSBJoM;6;220.60;http://i.annihil.us/u/prod/marvel/i/mg/7/03/5697f0136114e;jpg
tKYw2qcUzqb2tFBt;7;145.48;http://i.annihil.us/u/prod/marvel/i/mg/9/80/569fcb6811a4c;jpg
tKYw2qcUzqb2tFBt;8;24.68;http://i.annihil.us/u/prod/marvel/i/mg/9/80/569fcb6811a4c;jpg
tKYw2qcUzqb2tFBt;5;65.84;http://i.annihil.us/u/prod/marvel/i/mg/9/80/569fcb6811a4c;jpg
tKYw2qcUzqb2tFBt;0;236.81;http://i.annihil.us/u/prod/marvel/i/mg/9/80/569fcb6811a4c;jpg
wzgNxHPv0eOSMMcz;7;39.12;http://i.annihil.us/u/prod/marvel/i/mg/f/a0/56b36fbbc6d8d;jpg
wzgNxHPv0eOSMMcz;3;157.66;http://i.annihil.us/u/prod/marvel/i/mg/f/a0/56b36fbbc6d8d;jpg
wzgNxHPv0eOSMMcz;0;171.86;http://i.annihil.us/u/prod/marvel/i/mg/f/a0/56b36fbbc6d8d;jpg
wzgNxHPv0eOSMMcz;4;44.16;http://i.annihil.us/u/prod/marvel/i/mg/f/a0/56b36fbbc6d8d;jpg
wzgNxHPv0eOSMMcz;8;96.42;http://i.annihil.us/u/prod/marvel/i/mg/f/a0/56b36fbbc6d8d;jpg
wzgNxHPv0eOSMMcz;3;181.70;http://i.annihil.us/u/prod/marvel/i/mg/f/a0/56b36fbbc6d8d;jpg
Dg7hpeYdazKBwLcV;0;177.10;http://i.annihil.us/u/prod/marvel/i/mg/7/90/569fd6287db58;jpg
Dg7hpeYdazKBwLcV;3;74.02;http://i.annihil.us/u/prod/marvel/i/mg/7/90/569fd6287db58;jpg
Dg7hpeYdazKBwLcV;4;37.96;http://i.annihil.us/u/prod/marvel/i/mg/7/90/569fd6287db58;jpg
Dg7hpeYdazKBwLcV;0;52.51;http://i.annihil.us/u/prod/marvel/i/mg/7/90/569fd6287db58;jpg
Dg7hpeYdazKBwLcV;8;4.10;http://i.annihil.us/u/prod/marvel/i/mg/7/90/569fd6287db58;jpg
Dg7hpeYdazKBwLcV;1;226.20;http://i.annihil.us/u/prod/marvel/i/mg/7/90/569fd6287db58;jpg
Dg7hpeYdazKBwLcV;4;124.54;http://i.annihil.us/u/prod/marvel/i/mg/7/90/569fd6287db58;jpg
Dg7hpeYdazKBwLcV;7;224.28;http://i.annihil.us/u/prod/marvel/i/mg/7/90/569fd6287db58;jpg
Dg7hpeYdazKBwLcV;1;84.45;http://i.annihil.us/u/prod/marvel/i/mg/7/90/569fd6287db58;jpg
Dg7hpeYdazKBwLcV;7;95.28;http://i.annihil.us/u/prod/marvel/i/mg/7/90/569fd6287db58;jpg
1OdT2CzBwjGFmUXO;7;216.55;http://i.annihil.us/u/prod/marvel/i/mg/c/30/4fe8cb51f32e0;jpg
1OdT2CzBwjGFmUXO;4;162.84;http://i.annihil.us/u/prod/marvel/i/mg/c/30/4fe8cb51f32e0;jpg
1OdT2CzBwjGFmUXO;0;7.73;http://i.annihil.us/u/prod/marvel/i/mg/c/30/4fe8cb51f32e0;jpg
1OdT2CzBwjGFmUXO;6;88.84;http://i.annihil.us/u/prod/marvel/i/mg/c/30/4fe8cb51f32e0;jpg
TCMddsHAFnns5Nj2;1;102.82;http://i.annihil.us/u/prod/marvel/i/mg/c/80/567065cfebad5;jpg
TCMddsHAFnns5Nj2;5;31.22;http://i.annihil.us/u/prod/marvel/i/mg/c/80/567065cfebad5;jpg
TCMddsHAFnns5Nj2;8;102.78;http://i.annihil.us/u/prod/marvel/i/mg/c/80/567065cfebad5;jpg
TCMddsHAFnns5Nj2;5;30.42;http://i.annihil.us/u/prod/marvel/i/mg/c/80/567065cfebad5;jpg
dCcvM9w91ZhyZjrL;6;100.49;http://i.annihil.us/u/prod/marvel/i/mg/6/03/56b393152b870;jpg
dCcvM9w91ZhyZjrL;4;178.60;http://i.annihil.us/u/prod/marvel/i/mg/6/03/56b393152b870;jpg
dCcvM9w91ZhyZjrL;4;215.49;http://i.annihil.us/u/prod/marvel/i/mg/6/03/56b393152b870;jpg
dCcvM9w91ZhyZjrL;3;157.35;http://i.annihil.us/u/prod/marvel/i/mg/6/03/56b393152b870;jpg
GrKoEP9EITCICWo1;9;182.74;http://i.annihil.us/u/prod/marvel/i/mg/7/40/5696c34df358e;jpg
GrKoEP9EITCICWo1;0;25.59;http://i.annihil.us/u/prod/marvel/i/mg/7/40/5696c34df358e;jpg
GrKoEP9EITCICWo1;0;223.28;http://i.annihil.us/u/prod/marvel/i/mg/7/40/5696c34df358e;jpg
GrKoEP9EITCICWo1;6;223.86;http://i.annihil.us/u/prod/marvel/i/mg/7/40/5696c34df358e;jpg
jh8xJtnwTGWmVUED;1;102.81;http://i.annihil.us/u/prod/marvel/i/mg/c/50/56b3a2d5ed7b6;jpg
jh8xJtnwTGWmVUED;2;69.04;http://i.annihil.us/u/prod/marvel/i/mg/c/50/56b3a2d5ed7b6;jpg
jh8xJtnwTGWmVUED;8;225.71;http://i.annihil.us/u/prod/marvel/i/mg/c/50/56b3a2d5ed7b6;jpg
jh8xJtnwTGWmVUED;4;244.59;http://i.annihil.us/u/prod/marvel/i/mg/c/50/56b3a2d5ed7b6;jpg
7LEpsj3Qx0p93e9l;7;35.67;http://i.annihil.us/u/prod/marvel/i/mg/6/03/502912f2a8809;jpg
7LEpsj3Qx0p93e9l;3;183.26;http://i.annihil.us/u/prod/marvel/i/mg/6/03/502912f2a8809;jpg
7LEpsj3Qx0p93e9l;2;107.78;http://i.annihil.us/u/prod/marvel/i/mg/6/03/502912f2a8809;jpg
7LEpsj3Qx0p93e9l;2;192.57;http://i.annihil.us/u/prod/marvel/i/mg/6/03/502912f2a8809;jpg
kE60Pdkux4olnDX5;5;50.85;http://i.annihil.us/u/prod/marvel/i/mg/b/80/4fb2a4aa018c6;jpg
kE60Pdkux4olnDX5;9;201.88;http://i.annihil.us/u/prod/marvel/i/mg/b/80/4fb2a4aa018c6;jpg
kE60Pdkux4olnDX5;7;150.43;http://i.annihil.us/u/prod/marvel/i/mg/b/80/4fb2a4aa018c6;jpg
kE60Pdkux4olnDX5;4;83.76;http://i.annihil.us/u/prod/marvel/i/mg/b/80/4fb2a4aa018c6;jpg
e1p4LjBA0wmd5Em5;5;99.14;http://i.annihil.us/u/prod/marvel/i/mg/4/00/5668a15e6626f;jpg
e1p4LjBA0wmd5Em5;8;214.20;http://i.annihil.us/u/prod/marvel/i/mg/4/00/5668a15e6626f;jpg
e1p4LjBA0wmd5Em5;6;123.61;http://i.annihil.us/u/prod/marvel/i/mg/4/00/5668a15e6626f;jpg
e1p4LjBA0wmd5Em5;4;19.25;http://i.annihil.us/u/prod/marvel/i/mg/4/00/5668a15e6626f;jpg
3y9DXFdGjme5cV7S;9;76.28;http://i.annihil.us/u/prod/marvel/i/mg/b/40/image_not_available;jpg
3y9DXFdGjme5cV7S;3;227.35;http://i.annihil.us/u/prod/marvel/i/mg/b/40/image_not_available;jpg
3y9DXFdGjme5cV7S;9;52.91;http://i.annihil.us/u/prod/marvel/i/mg/b/40/image_not_available;jpg
3y9DXFdGjme5cV7S;4;162.05;http://i.annihil.us/u/prod/marvel/i/mg/b/40/image_not_available;jpg
e3jDnNm45Y5pdSGj;6;192.96;http://i.annihil.us/u/prod/marvel/i/mg/b/40/image_not_available;jpg
e3jDnNm45Y5pdSGj;7;84.36;http://i.annihil.us/u/prod/marvel/i/mg/b/40/image_not_available;jpg
e3jDnNm45Y5pdSGj;2;38.03;http://i.annihil.us/u/prod/marvel/i/mg/b/40/image_not_available;jpg
e3jDnNm45Y5pdSGj;6;174.57;http://i.annihil.us/u/prod/marvel/i/mg/b/40/image_not_available;jpg
LsReoRHkkigMKM4L;6;244.08;http://i.annihil.us/u/prod/marvel/i/mg/b/40/image_not_available;jpg
LsReoRHkkigMKM4L;3;62.18;http://i.annihil.us/u/prod/marvel/i/mg/b/40/image_not_available;jpg
LsReoRHkkigMKM4L;0;91.98;http://i.annihil.us/u/prod/marvel/i/mg/b/40/image_not_available;jpg
LsReoRHkkigMKM4L;4;103.86;http://i.annihil.us/u/prod/marvel/i/mg/b/40/image_not_available;jpg
Nh6TRzi4rPj2Xbeu;8;169.66;http://i.annihil.us/u/prod/marvel/i/mg/b/40/image_not_available;jpg
Nh6TRzi4rPj2Xbeu;0;33.22;http://i.annihil.us/u/prod/marvel/i/mg/b/40/image_not_available;jpg
Nh6TRzi4rPj2Xbeu;9;23.09;http://i.annihil.us/u/prod/marvel/i/mg/b/40/image_not_available;jpg
Nh6TRzi4rPj2Xbeu;7;246.44;http://i.annihil.us/u/prod/marvel/i/mg/b/40/image_not_available;jpg
0DcxzwOUpXzj6PYs;9;154.42;http://i.annihil.us/u/prod/marvel/i/mg/b/40/image_not_available;jpg
0DcxzwOUpXzj6PYs;6;94.01;http://i.annihil.us/u/prod/marvel/i/mg/b/40/image_not_available;jpg
0DcxzwOUpXzj6PYs;6;187.86;http://i.annihil.us/u/prod/marvel/i/mg/b/40/image_not_available;jpg
0DcxzwOUpXzj6PYs;5;231.46;http://i.annihil.us/u/prod/marvel/i/mg/b/40/image_not_available;jpg
f1Ycd8mBecIDK6V5;3;155.03;http://i.annihil.us/u/prod/marvel/i/mg/9/70/56b3a5fe264e4;jpg
f1Ycd8mBecIDK6V5;7;2.05;http://i.annihil.us/u/prod/marvel/i/mg/9/70/56b3a5fe264e4;jpg
f1Ycd8mBecIDK6V5;5;152.96;http://i.annihil.us/u/prod/marvel/i/mg/9/70/56b3a5fe264e4;jpg
f1Ycd8mBecIDK6V5;7;78.60;http://i.annihil.us/u/prod/marvel/i/mg/9/70/56b3a5fe264e4;jpg
xhY9dNLPqQ4Pn3Al;4;233.42;http://i.annihil.us/u/prod/marvel/i/mg/9/80/569fdae501d72;jpg
xhY9dNLPqQ4Pn3Al;7;24.62;http://i.annihil.us/u/prod/marvel/i/mg/9/80/569fdae501d72;jpg
xhY9dNLPqQ4Pn3Al;7;86.65;http://i.annihil.us/u/prod/marvel/i/mg/9/80/569fdae501d72;jpg
xhY9dNLPqQ4Pn3Al;7;196.87;http://i.annihil.us/u/prod/marvel/i/mg/9/80/569fdae501d72;jpg
gbIEmuj4Z8XGee8z;4;234.10;http://i.annihil.us/u/prod/marvel/i/mg/6/b0/56b3a8e22f837;jpg
gbIEmuj4Z8XGee8z;6;105.89;http://i.annihil.us/u/prod/marvel/i/mg/6/b0/56b3a8e22f837;jpg
gbIEmuj4Z8XGee8z;0;197.45;http://i.annihil.us/u/prod/marvel/i/mg/6/b0/56b3a8e22f837;jpg
gbIEmuj4Z8XGee8z;2;172.19;http://i.annihil.us/u/prod/marvel/i/mg/6/b0/56b3a8e22f837;jpg
zYE7j3u7PRh2QvAL;7;240.22;http://i.annihil.us/u/prod/marvel/i/mg/b/40/image_not_available;jpg
zYE7j3u7PRh2QvAL;9;141.29;http://i.annihil.us/u/prod/marvel/i/mg/b/40/image_not_available;jpg
zYE7j3u7PRh2QvAL;2;16.43;http://i.annihil.us/u/prod/marvel/i/mg/b/40/image_not_available;jpg
zYE7j3u7PRh2QvAL;3;73.96;http://i.annihil.us/u/prod/marvel/i/mg/b/40/image_not_available;jpg
PQOPFReTMJYhAs5s;4;137.71;http://i.annihil.us/u/prod/marvel/i/mg/b/40/image_not_available;jpg
PQOPFReTMJYhAs5s;6;133.38;http://i.annihil.us/u/prod/marvel/i/mg/b/40/image_not_available;jpg
PQOPFReTMJYhAs5s;6;121.68;http://i.annihil.us/u/prod/marvel/i/mg/b/40/image_not_available;jpg
PQOPFReTMJYhAs5s;3;230.13;http://i.annihil.us/u/prod/marvel/i/mg/b/40/image_not_available;jpg
CoWYj475aXIQQ6yv;9;203.62;http://i.annihil.us/u/prod/marvel/i/mg/b/40/image_not_available;jpg
CoWYj475aXIQQ6yv;9;232.84;http://i.annihil.us/u/prod/marvel/i/mg/b/40/image_not_available;jpg
CoWYj475aXIQQ6yv;4;40.13;http://i.annihil.us/u/prod/marvel/i/mg/b/40/image_not_available;jpg
CoWYj475aXIQQ6yv;4;23.60;http://i.annihil.us/u/prod/marvel/i/mg/b/40/image_not_available;jpg
1w9uw8TV2zeXpxBZ;5;131.40;http://i.annihil.us/u/prod/marvel/i/mg/9/80/5696c451ce1fa;jpg
1w9uw8TV2zeXpxBZ;2;51.64;http://i.annihil.us/u/prod/marvel/i/mg/9/80/5696c451ce1fa;jpg
1w9uw8TV2zeXpxBZ;1;196.06;http://i.annihil.us/u/prod/marvel/i/mg/9/80/5696c451ce1fa;jpg
1w9uw8TV2zeXpxBZ;2;108.65;http://i.annihil.us/u/prod/marvel/i/mg/9/80/5696c451ce1fa;jpg
SvsqGKOWr28iIVVt;2;23.13;http://i.annihil.us/u/prod/marvel/i/mg/e/e0/56b3abf44dda3;jpg
SvsqGKOWr28iIVVt;2;39.73;http://i.annihil.us/u/prod/marvel/i/mg/e/e0/56b3abf44dda3;jpg
SvsqGKOWr28iIVVt;9;156.75;http://i.annihil.us/u/prod/marvel/i/mg/e/e0/56b3abf44dda3;jpg
SvsqGKOWr28iIVVt;0;66.58;http://i.annihil.us/u/prod/marvel/i/mg/e/e0/56b3abf44dda3;jpg
fH3Zvl9MWaclGs0s;5;228.99;http://i.annihil.us/u/prod/marvel/i/mg/6/30/5696ab70005de;jpg
fH3Zvl9MWaclGs0s;7;80.30;http://i.annihil.us/u/prod/marvel/i/mg/6/30/5696ab70005de;jpg
fH3Zvl9MWaclGs0s;5;173.26;http://i.annihil.us/u/prod/marvel/i/mg/6/30/5696ab70005de;jpg
fH3Zvl9MWaclGs0s;3;248.06;http://i.annihil.us/u/prod/marvel/i/mg/6/30/5696ab70005de;jpg
VEVbKRlIicEwgx5x;4;192.88;http://i.annihil.us/u/prod/marvel/i/mg/b/40/image_not_available;jpg
VEVbKRlIicEwgx5x;8;114.60;http://i.annihil.us/u/prod/marvel/i/mg/b/40/image_not_available;jpg
VEVbKRlIicEwgx5x;3;138.83;http://i.annihil.us/u/prod/marvel/i/mg/b/40/image_not_available;jpg
VEVbKRlIicEwgx5x;1;168.21;http://i.annihil.us/u/prod/marvel/i/mg/b/40/image_not_available;jpg
ht9ZT0baFIhOxjyb;1;16.82;http://i.annihil.us/u/prod/marvel/i/mg/2/a0/569fdcbcf24dc;jpg
ht9ZT0baFIhOxjyb;2;159.91;http://i.annihil.us/u/prod/marvel/i/mg/2/a0/569fdcbcf24dc;jpg
ht9ZT0baFIhOxjyb;2;185.37;http://i.annihil.us/u/prod/marvel/i/mg/2/a0/569fdcbcf24dc;jpg
ht9ZT0baFIhOxjyb;1;151.49;http://i.annihil.us/u/prod/marvel/i/mg/2/a0/569fdcbcf24dc;jpg
9TnD1sXpQSEpGHJB;5;140.07;http://i.annihil.us/u/prod/marvel/i/mg/c/60/56b3c7decb058;jpg
9TnD1sXpQSEpGHJB;4;12.54;http://i.annihil.us/u/prod/marvel/i/mg/c/60/56b3c7decb058;jpg
9TnD1sXpQSEpGHJB;7;40.34;http://i.annihil.us/u/prod/marvel/i/mg/c/60/56b3c7decb058;jpg
9TnD1sXpQSEpGHJB;0;53.19;http://i.annihil.us/u/prod/marvel/i/mg/c/60/56b3c7decb058;jpg
sLTbeoCElHCFpOI6;7;28.42;http://i.annihil.us/u/prod/marvel/i/mg/6/f0/5696ad1059af9;jpg
sLTbeoCElHCFpOI6;0;140.82;http://i.annihil.us/u/prod/marvel/i/mg/6/f0/5696ad1059af9;jpg
sLTbeoCElHCFpOI6;8;88.85;http://i.annihil.us/u/prod/marvel/i/mg/6/f0/5696ad1059af9;jpg
sLTbeoCElHCFpOI6;5;204.19;http://i.annihil.us/u/prod/marvel/i/mg/6/f0/5696ad1059af9;jpg
1ArU7tMcUJT0I1gw;2;9.59;http://i.annihil.us/u/prod/marvel/i/mg/7/90/5697f7dd5772c;jpg
1ArU7tMcUJT0I1gw;3;168.48;http://i.annihil.us/u/prod/marvel/i/mg/7/90/5697f7dd5772c;jpg
1ArU7tMcUJT0I1gw;2;29.13;http://i.annihil.us/u/prod/marvel/i/mg/7/90/5697f7dd5772c;jpg
1ArU7tMcUJT0I1gw;5;42.23;http://i.annihil.us/u/prod/marvel/i/mg/7/90/5697f7dd5772c;jpg
3xFQQmkyDwD3Clmr;1;197.95;http://i.annihil.us/u/prod/marvel/i/mg/c/c0/56b4d488baa9e;jpg
3xFQQmkyDwD3Clmr;6;230.13;http://i.annihil.us/u/prod/marvel/i/mg/c/c0/56b4d488baa9e;jpg
3xFQQmkyDwD3Clmr;8;46.28;http://i.annihil.us/u/prod/marvel/i/mg/c/c0/56b4d488baa9e;jpg
3xFQQmkyDwD3Clmr;5;109.81;http://i.annihil.us/u/prod/marvel/i/mg/c/c0/56b4d488baa9e;jpg
c8Gq7MO71FFcuCU4;7;110.07;http://i.annihil.us/u/prod/marvel/i/mg/7/70/5696c5ec9616f;jpg
c8Gq7MO71FFcuCU4;8;57.99;http://i.annihil.us/u/prod/marvel/i/mg/7/70/5696c5ec9616f;jpg
c8Gq7MO71FFcuCU4;1;219.97;http://i.annihil.us/u/prod/marvel/i/mg/7/70/5696c5ec9616f;jpg
c8Gq7MO71FFcuCU4;5;230.80;http://i.annihil.us/u/prod/marvel/i/mg/7/70/5696c5ec9616f;jpg
ifNturYBAyjvHLwl;9;111.00;http://i.annihil.us/u/prod/marvel/i/mg/9/30/569fdf044a2b1;jpg
ifNturYBAyjvHLwl;7;144.05;http://i.annihil.us/u/prod/marvel/i/mg/9/30/569fdf044a2b1;jpg
ifNturYBAyjvHLwl;1;92.18;http://i.annihil.us/u/prod/marvel/i/mg/9/30/569fdf044a2b1;jpg
ifNturYBAyjvHLwl;2;21.61;http://i.annihil.us/u/prod/marvel/i/mg/9/30/569fdf044a2b1;jpg
4RPSEBPlFpt14uWY;1;14.01;http://i.annihil.us/u/prod/marvel/i/mg/f/e0/569fed4d53bbf;jpg
4RPSEBPlFpt14uWY;4;133.51;http://i.annihil.us/u/prod/marvel/i/mg/f/e0/569fed4d53bbf;jpg
4RPSEBPlFpt14uWY;7;49.19;http://i.annihil.us/u/prod/marvel/i/mg/f/e0/569fed4d53bbf;jpg
4RPSEBPlFpt14uWY;1;49.33;http://i.annihil.us/u/prod/marvel/i/mg/f/e0/569fed4d53bbf;jpg
EQxoErXmUTxH68Gg;5;169.99;http://i.annihil.us/u/prod/marvel/i/mg/6/50/5697b273d3a0c;jpg
EQxoErXmUTxH68Gg;8;110.60;http://i.annihil.us/u/prod/marvel/i/mg/6/50/5697b273d3a0c;jpg
EQxoErXmUTxH68Gg;5;125.51;http://i.annihil.us/u/prod/marvel/i/mg/6/50/5697b273d3a0c;jpg
EQxoErXmUTxH68Gg;6;227.68;http://i.annihil.us/u/prod/marvel/i/mg/6/50/5697b273d3a0c;jpg
EEOOZKU16mITVEAD;3;215.64;http://i.annihil.us/u/prod/marvel/i/mg/b/40/image_not_available;jpg
EEOOZKU16mITVEAD;5;149.20;http://i.annihil.us/u/prod/marvel/i/mg/b/40/image_not_available;jpg
EEOOZKU16mITVEAD;3;225.66;http://i.annihil.us/u/prod/marvel/i/mg/b/40/image_not_available;jpg
EEOOZKU16mITVEAD;2;68.54;http://i.annihil.us/u/prod/marvel/i/mg/b/40/image_not_available;jpg
PehOoZEEb0G8YKbz;0;155.51;http://i.annihil.us/u/prod/marvel/i/mg/c/90/56b4d8fa1d5f4;jpg
PehOoZEEb0G8YKbz;5;127.58;http://i.annihil.us/u/prod/marvel/i/mg/c/90/56b4d8fa1d5f4;jpg
PehOoZEEb0G8YKbz;0;70.69;http://i.annihil.us/u/prod/marvel/i/mg/c/90/56b4d8fa1d5f4;jpg
PehOoZEEb0G8YKbz;3;81.38;http://i.annihil.us/u/prod/marvel/i/mg/c/90/56b4d8fa1d5f4;jpg
pZs28ETVRQouQ70c;3;91.52;http://i.annihil.us/u/prod/marvel/i/mg/f/80/568c0edc4eab9;jpg
pZs28ETVRQouQ70c;3;217.79;http://i.annihil.us/u/prod/marvel/i/mg/f/80/568c0edc4eab9;jpg
pZs28ETVRQouQ70c;6;170.10;http://i.annihil.us/u/prod/marvel/i/mg/f/80/568c0edc4eab9;jpg
pZs28ETVRQouQ70c;1;45.64;http://i.annihil.us/u/prod/marvel/i/mg/f/80/568c0edc4eab9;jpg
kCliW1fqCcqgOD2O;4;176.92;http://i.annihil.us/u/prod/marvel/i/mg/c/20/5696add1b08ba;jpg
kCliW1fqCcqgOD2O;1;150.99;http://i.annihil.us/u/prod/marvel/i/mg/c/20/5696add1b08ba;jpg
kCliW1fqCcqgOD2O;6;83.47;http://i.annihil.us/u/prod/marvel/i/mg/c/20/5696add1b08ba;jpg
kCliW1fqCcqgOD2O;4;108.85;http://i.annihil.us/u/prod/marvel/i/mg/c/20/5696add1b08ba;jpg
hXnr0SCjAZKa3fei;6;139.41;http://i.annihil.us/u/prod/marvel/i/mg/6/f0/5697c442c3e6e;jpg
hXnr0SCjAZKa3fei;6;43.14;http://i.annihil.us/u/prod/marvel/i/mg/6/f0/5697c442c3e6e;jpg
hXnr0SCjAZKa3fei;2;30.91;http://i.annihil.us/u/prod/marvel/i/mg/6/f0/5697c442c3e6e;jpg
hXnr0SCjAZKa3fei;0;81.90;http://i.annihil.us/u/prod/marvel/i/mg/6/f0/5697c442c3e6e;jpg
264iOEYgKZtv9Pc8;1;248.66;http://i.annihil.us/u/prod/marvel/i/mg/1/40/56980248c9f70;jpg
264iOEYgKZtv9Pc8;3;75.05;http://i.annihil.us/u/prod/marvel/i/mg/1/40/56980248c9f70;jpg
264iOEYgKZtv9Pc8;1;3.40;http://i.annihil.us/u/prod/marvel/i/mg/1/40/56980248c9f70;jpg
264iOEYgKZtv9Pc8;9;79.32;http://i.annihil.us/u/prod/marvel/i/mg/1/40/56980248c9f70;jpg
dO4XoAjy9zHyCSvz;9;200.87;http://i.annihil.us/u/prod/marvel/i/mg/9/00/56b4e25fd10e2;jpg
dO4XoAjy9zHyCSvz;2;100.02;http://i.annihil.us/u/prod/marvel/i/mg/9/00/56b4e25fd10e2;jpg
dO4XoAjy9zHyCSvz;4;29.23;http://i.annihil.us/u/prod/marvel/i/mg/9/00/56b4e25fd10e2;jpg
dO4XoAjy9zHyCSvz;7;185.27;http://i.annihil.us/u/prod/marvel/i/mg/9/00/56b4e25fd10e2;jpg
W32WQSB6Nb2mQz0i;9;183.60;http://i.annihil.us/u/prod/marvel/i/mg/7/03/5698040d08b80;jpg
W32WQSB6Nb2mQz0i;9;127.81;http://i.annihil.us/u/prod/marvel/i/mg/7/03/5698040d08b80;jpg
W32WQSB6Nb2mQz0i;7;168.95;http://i.annihil.us/u/prod/marvel/i/mg/7/03/5698040d08b80;jpg
W32WQSB6Nb2mQz0i;6;111.00;http://i.annihil.us/u/prod/marvel/i/mg/7/03/5698040d08b80;jpg
paGRVPYpzoRZmDlA;5;162.45;http://i.annihil.us/u/prod/marvel/i/mg/4/a0/5697c5cd88870;jpg
paGRVPYpzoRZmDlA;8;221.67;http://i.annihil.us/u/prod/marvel/i/mg/4/a0/5697c5cd88870;jpg
paGRVPYpzoRZmDlA;7;83.35;http://i.annihil.us/u/prod/marvel/i/mg/4/a0/5697c5cd88870;jpg
paGRVPYpzoRZmDlA;9;215.72;http://i.annihil.us/u/prod/marvel/i/mg/4/a0/5697c5cd88870;jpg
J9vPssbmJozk9DSk;2;2.59;http://i.annihil.us/u/prod/marvel/i/mg/9/a0/56b4eac074c89;jpg
J9vPssbmJozk9DSk;1;15.07;http://i.annihil.us/u/prod/marvel/i/mg/9/a0/56b4eac074c89;jpg
J9vPssbmJozk9DSk;2;249.94;http://i.annihil.us/u/prod/marvel/i/mg/9/a0/56b4eac074c89;jpg
J9vPssbmJozk9DSk;1;137.43;http://i.annihil.us/u/prod/marvel/i/mg/9/a0/56b4eac074c89;jpg
M5KiEb0UBGvPCJPj;2;76.06;http://i.annihil.us/u/prod/marvel/i/mg/b/40/image_not_available;jpg
M5KiEb0UBGvPCJPj;2;139.45;http://i.annihil.us/u/prod/marvel/i/mg/b/40/image_not_available;jpg
M5KiEb0UBGvPCJPj;0;57.58;http://i.annihil.us/u/prod/marvel/i/mg/b/40/image_not_available;jpg
M5KiEb0UBGvPCJPj;3;249.10;http://i.annihil.us/u/prod/marvel/i/mg/b/40/image_not_available;jpg
Rlrbf0Sk0hT49kSC;5;102.47;http://i.annihil.us/u/prod/marvel/i/mg/a/50/5697c68ce91bd;jpg
Rlrbf0Sk0hT49kSC;0;82.86;http://i.annihil.us/u/prod/marvel/i/mg/a/50/5697c68ce91bd;jpg
Rlrbf0Sk0hT49kSC;6;140.81;http://i.annihil.us/u/prod/marvel/i/mg/a/50/5697c68ce91bd;jpg
Rlrbf0Sk0hT49kSC;8;84.48;http://i.annihil.us/u/prod/marvel/i/mg/a/50/5697c68ce91bd;jpg
5TevZ8yKKVJPbZzT;8;145.57;http://i.annihil.us/u/prod/marvel/i/mg/9/60/56b51abe9d436;jpg
5TevZ8yKKVJPbZzT;3;229.36;http://i.annihil.us/u/prod/marvel/i/mg/9/60/56b51abe9d436;jpg
5TevZ8yKKVJPbZzT;4;80.10;http://i.annihil.us/u/prod/marvel/i/mg/9/60/56b51abe9d436;jpg
5TevZ8yKKVJPbZzT;6;153.62;http://i.annihil.us/u/prod/marvel/i/mg/9/60/56b51abe9d436;jpg
Ls5JwcWMyuwnrl4e;2;29.02;http://i.annihil.us/u/prod/marvel/i/mg/a/10/5698051017204;jpg
Ls5JwcWMyuwnrl4e;0;132.80;http://i.annihil.us/u/prod/marvel/i/mg/a/10/5698051017204;jpg
Ls5JwcWMyuwnrl4e;6;176.85;http://i.annihil.us/u/prod/marvel/i/mg/a/10/5698051017204;jpg
Ls5JwcWMyuwnrl4e;5;207.97;http://i.annihil.us/u/prod/marvel/i/mg/a/10/5698051017204;jpg
GlCLBRtKTGVnsIoP;0;108.82;http://i.annihil.us/u/prod/marvel/i/mg/b/40/image_not_available;jpg
GlCLBRtKTGVnsIoP;7;73.71;http://i.annihil.us/u/prod/marvel/i/mg/b/40/image_not_available;jpg
GlCLBRtKTGVnsIoP;5;9.15;http://i.annihil.us/u/prod/marvel/i/mg/b/40/image_not_available;jpg
GlCLBRtKTGVnsIoP;0;185.82;http://i.annihil.us/u/prod/marvel/i/mg/b/40/image_not_available;jpg
x4dz2QbWCibV8xFv;1;22.91;http://i.annihil.us/u/prod/marvel/i/mg/b/40/image_not_available;jpg
x4dz2QbWCibV8xFv;4;209.96;http://i.annihil.us/u/prod/marvel/i/mg/b/40/image_not_available;jpg
x4dz2QbWCibV8xFv;2;45.44;http://i.annihil.us/u/prod/marvel/i/mg/b/40/image_not_available;jpg
x4dz2QbWCibV8xFv;5;106.19;http://i.annihil.us/u/prod/marvel/i/mg/b/40/image_not_available;jpg
tbLU6K4J9BlpZYYh;4;243.78;http://i.annihil.us/u/prod/marvel/i/mg/d/03/5696ae9113725;jpg
tbLU6K4J9BlpZYYh;1;99.59;http://i.annihil.us/u/prod/marvel/i/mg/d/03/5696ae9113725;jpg
tbLU6K4J9BlpZYYh;4;70.48;http://i.annihil.us/u/prod/marvel/i/mg/d/03/5696ae9113725;jpg
tbLU6K4J9BlpZYYh;1;119.65;http://i.annihil.us/u/prod/marvel/i/mg/d/03/5696ae9113725;jpg
p0v41WJ12WAMlBdF;0;130.82;http://i.annihil.us/u/prod/marvel/i/mg/b/20/5698071874442;jpg
p0v41WJ12WAMlBdF;5;134.99;http://i.annihil.us/u/prod/marvel/i/mg/b/20/5698071874442;jpg
p0v41WJ12WAMlBdF;8;49.89;http://i.annihil.us/u/prod/marvel/i/mg/b/20/5698071874442;jpg
p0v41WJ12WAMlBdF;7;102.35;http://i.annihil.us/u/prod/marvel/i/mg/b/20/5698071874442;jpg
p0v41WJ12WAMlBdF;1;182.58;http://i.annihil.us/u/prod/marvel/i/mg/b/20/5698071874442;jpg
p0v41WJ12WAMlBdF;6;69.09;http://i.annihil.us/u/prod/marvel/i/mg/b/20/5698071874442;jpg
p0v41WJ12WAMlBdF;4;126.44;http://i.annihil.us/u/prod/marvel/i/mg/b/20/5698071874442;jpg
p0v41WJ12WAMlBdF;9;2.85;http://i.annihil.us/u/prod/marvel/i/mg/b/20/5698071874442;jpg
p0v41WJ12WAMlBdF;3;172.61;http://i.annihil.us/u/prod/marvel/i/mg/b/20/5698071874442;jpg
p0v41WJ12WAMlBdF;8;20.66;http://i.annihil.us/u/prod/marvel/i/mg/b/20/5698071874442;jpg
xZMVM6UYohf2bZ0Q;5;117.34;http://i.annihil.us/u/prod/marvel/i/mg/7/70/56980859bdee4;jpg
xZMVM6UYohf2bZ0Q;9;118.52;http://i.annihil.us/u/prod/marvel/i/mg/7/70/56980859bdee4;jpg
xZMVM6UYohf2bZ0Q;7;65.55;http://i.annihil.us/u/prod/marvel/i/mg/7/70/56980859bdee4;jpg
xZMVM6UYohf2bZ0Q;6;159.83;http://i.annihil.us/u/prod/marvel/i/mg/7/70/56980859bdee4;jpg
xZMVM6UYohf2bZ0Q;3;24.33;http://i.annihil.us/u/prod/marvel/i/mg/7/70/56980859bdee4;jpg
xZMVM6UYohf2bZ0Q;9;70.39;http://i.annihil.us/u/prod/marvel/i/mg/7/70/56980859bdee4;jpg
xZMVM6UYohf2bZ0Q;0;199.31;http://i.annihil.us/u/prod/marvel/i/mg/7/70/56980859bdee4;jpg
xZMVM6UYohf2bZ0Q;4;56.14;http://i.annihil.us/u/prod/marvel/i/mg/7/70/56980859bdee4;jpg
xZMVM6UYohf2bZ0Q;3;49.66;http://i.annihil.us/u/prod/marvel/i/mg/7/70/56980859bdee4;jpg
xZMVM6UYohf2bZ0Q;3;188.32;http://i.annihil.us/u/prod/marvel/i/mg/7/70/56980859bdee4;jpg
t3ZacZvMpZjULMis;5;44.03;http://i.annihil.us/u/prod/marvel/i/mg/b/c0/5696b00cc0fab;jpg
t3ZacZvMpZjULMis;2;193.56;http://i.annihil.us/u/prod/marvel/i/mg/b/c0/5696b00cc0fab;jpg
t3ZacZvMpZjULMis;3;24.18;http://i.annihil.us/u/prod/marvel/i/mg/b/c0/5696b00cc0fab;jpg
t3ZacZvMpZjULMis;6;68.53;http://i.annihil.us/u/prod/marvel/i/mg/b/c0/5696b00cc0fab;jpg
iSZka5cG07D8O3JR;3;83.72;http://i.annihil.us/u/prod/marvel/i/mg/b/40/image_not_available;jpg
iSZka5cG07D8O3JR;4;83.47;http://i.annihil.us/u/prod/marvel/i/mg/b/40/image_not_available;jpg
iSZka5cG07D8O3JR;9;164.21;http://i.annihil.us/u/prod/marvel/i/mg/b/40/image_not_available;jpg
iSZka5cG07D8O3JR;5;222.59;http://i.annihil.us/u/prod/marvel/i/mg/b/40/image_not_available;jpg
JMC99lnO5fLEdg5R;0;149.18;http://i.annihil.us/u/prod/marvel/i/mg/c/b0/569ffa72abc55;jpg
JMC99lnO5fLEdg5R;8;86.07;http://i.annihil.us/u/prod/marvel/i/mg/c/b0/569ffa72abc55;jpg
JMC99lnO5fLEdg5R;0;232.51;http://i.annihil.us/u/prod/marvel/i/mg/c/b0/569ffa72abc55;jpg
JMC99lnO5fLEdg5R;2;95.22;http://i.annihil.us/u/prod/marvel/i/mg/c/b0/569ffa72abc55;jpg
NiX9fXzq3uK9JzBK;6;99.56;http://i.annihil.us/u/prod/marvel/i/mg/3/60/56058c4b7164b;jpg
NiX9fXzq3uK9JzBK;1;178.77;http://i.annihil.us/u/prod/marvel/i/mg/3/60/56058c4b7164b;jpg
NiX9fXzq3uK9JzBK;2;27.08;http://i.annihil.us/u/prod/marvel/i/mg/3/60/56058c4b7164b;jpg
NiX9fXzq3uK9JzBK;3;42.09;http://i.annihil.us/u/prod/marvel/i/mg/3/60/56058c4b7164b;jpg
HYpxjRMkwFCXeajo;7;207.03;http://i.annihil.us/u/prod/marvel/i/mg/6/70/56b8aa524f770;jpg
HYpxjRMkwFCXeajo;6;153.81;http://i.annihil.us/u/prod/marvel/i/mg/6/70/56b8aa524f770;jpg
HYpxjRMkwFCXeajo;0;41.61;http://i.annihil.us/u/prod/marvel/i/mg/6/70/56b8aa524f770;jpg
HYpxjRMkwFCXeajo;6;82.74;http://i.annihil.us/u/prod/marvel/i/mg/6/70/56b8aa524f770;jpg
XzFV8IavbBLtJ50g;5;115.14;http://i.annihil.us/u/prod/marvel/i/mg/b/a0/56a0eb1aa094f;jpg
XzFV8IavbBLtJ50g;1;239.07;http://i.annihil.us/u/prod/marvel/i/mg/b/a0/56a0eb1aa094f;jpg
XzFV8IavbBLtJ50g;6;204.43;http://i.annihil.us/u/prod/marvel/i/mg/b/a0/56a0eb1aa094f;jpg
XzFV8IavbBLtJ50g;9;18.10;http://i.annihil.us/u/prod/marvel/i/mg/b/a0/56a0eb1aa094f;jpg
9eWC4AkfNXHXnU71;8;27.49;http://i.annihil.us/u/prod/marvel/i/mg/9/90/56b8ac4c2709f;jpg
9eWC4AkfNXHXnU71;9;159.76;http://i.annihil.us/u/prod/marvel/i/mg/9/90/56b8ac4c2709f;jpg
9eWC4AkfNXHXnU71;0;57.63;http://i.annihil.us/u/prod/marvel/i/mg/9/90/56b8ac4c2709f;jpg
9eWC4AkfNXHXnU71;3;28.83;http://i.annihil.us/u/prod/marvel/i/mg/9/90/56b8ac4c2709f;jpg
dgnw1o5tQjiauLH7;8;49.03;http://i.annihil.us/u/prod/marvel/i/mg/7/60/5697c7fce5337;jpg
dgnw1o5tQjiauLH7;9;50.89;http://i.annihil.us/u/prod/marvel/i/mg/7/60/5697c7fce5337;jpg
dgnw1o5tQjiauLH7;3;75.37;http://i.annihil.us/u/prod/marvel/i/mg/7/60/5697c7fce5337;jpg
dgnw1o5tQjiauLH7;4;101.09;http://i.annihil.us/u/prod/marvel/i/mg/7/60/5697c7fce5337;jpg
hE19DQYRFyR5fYu0;4;121.51;http://i.annihil.us/u/prod/marvel/i/mg/1/20/5697c93d35209;jpg
hE19DQYRFyR5fYu0;1;213.78;http://i.annihil.us/u/prod/marvel/i/mg/1/20/5697c93d35209;jpg
hE19DQYRFyR5fYu0;4;227.56;http://i.annihil.us/u/prod/marvel/i/mg/1/20/5697c93d35209;jpg
hE19DQYRFyR5fYu0;8;106.17;http://i.annihil.us/u/prod/marvel/i/mg/1/20/5697c93d35209;jpg
OWUUMNd2ELUEcODo;3;117.26;http://i.annihil.us/u/prod/marvel/i/mg/c/10/56a0edc12f7d4;jpg
OWUUMNd2ELUEcODo;8;237.42;http://i.annihil.us/u/prod/marvel/i/mg/c/10/56a0edc12f7d4;jpg
OWUUMNd2ELUEcODo;6;80.37;http://i.annihil.us/u/prod/marvel/i/mg/c/10/56a0edc12f7d4;jpg
OWUUMNd2ELUEcODo;0;92.08;http://i.annihil.us/u/prod/marvel/i/mg/c/10/56a0edc12f7d4;jpg
xWbTWyzyqd0nyOOD;0;144.46;http://i.annihil.us/u/prod/marvel/i/mg/7/20/56a0ef757b399;jpg
xWbTWyzyqd0nyOOD;2;229.62;http://i.annihil.us/u/prod/marvel/i/mg/7/20/56a0ef757b399;jpg
xWbTWyzyqd0nyOOD;0;93.07;http://i.annihil.us/u/prod/marvel/i/mg/7/20/56a0ef757b399;jpg
xWbTWyzyqd0nyOOD;0;216.04;http://i.annihil.us/u/prod/marvel/i/mg/7/20/56a0ef757b399;jpg
vEBKDQ58ExJXUSnV;8;204.56;http://i.annihil.us/u/prod/marvel/i/mg/6/40/56980a32d5bf0;jpg
vEBKDQ58ExJXUSnV;1;172.56;http://i.annihil.us/u/prod/marvel/i/mg/6/40/56980a32d5bf0;jpg
vEBKDQ58ExJXUSnV;4;90.80;http://i.annihil.us/u/prod/marvel/i/mg/6/40/56980a32d5bf0;jpg
vEBKDQ58ExJXUSnV;8;77.57;http://i.annihil.us/u/prod/marvel/i/mg/6/40/56980a32d5bf0;jpg
1eDg7B40R0fIUx7L;3;137.64;http://i.annihil.us/u/prod/marvel/i/mg/9/a0/56980bb8c4be3;jpg
1eDg7B40R0fIUx7L;2;48.64;http://i.annihil.us/u/prod/marvel/i/mg/9/a0/56980bb8c4be3;jpg
1eDg7B40R0fIUx7L;5;52.92;http://i.annihil.us/u/prod/marvel/i/mg/9/a0/56980bb8c4be3;jpg
1eDg7B40R0fIUx7L;7;80.26;http://i.annihil.us/u/prod/marvel/i/mg/9/a0/56980bb8c4be3;jpg
740lSkcJiPd9fwVd;5;9.75;http://i.annihil.us/u/prod/marvel/i/mg/c/90/5697ca2aeae65;jpg
740lSkcJiPd9fwVd;8;208.54;http://i.annihil.us/u/prod/marvel/i/mg/c/90/5697ca2aeae65;jpg
740lSkcJiPd9fwVd;3;201.16;http://i.annihil.us/u/prod/marvel/i/mg/c/90/5697ca2aeae65;jpg
740lSkcJiPd9fwVd;3;55.05;http://i.annihil.us/u/prod/marvel/i/mg/c/90/5697ca2aeae65;jpg
Fy7R5DSul9U0t2e3;8;132.29;http://i.annihil.us/u/prod/marvel/i/mg/6/30/56980ce04d10e;jpg
Fy7R5DSul9U0t2e3;0;120.58;http://i.annihil.us/u/prod/marvel/i/mg/6/30/56980ce04d10e;jpg
Fy7R5DSul9U0t2e3;8;94.44;http://i.annihil.us/u/prod/marvel/i/mg/6/30/56980ce04d10e;jpg
Fy7R5DSul9U0t2e3;2;202.46;http://i.annihil.us/u/prod/marvel/i/mg/6/30/56980ce04d10e;jpg
FBFtFwGyCOvHrr45;8;56.90;http://i.annihil.us/u/prod/marvel/i/mg/6/a0/5697d7ca0f513;jpg
FBFtFwGyCOvHrr45;8;14.52;http://i.annihil.us/u/prod/marvel/i/mg/6/a0/5697d7ca0f513;jpg
FBFtFwGyCOvHrr45;7;175.39;http://i.annihil.us/u/prod/marvel/i/mg/6/a0/5697d7ca0f513;jpg
FBFtFwGyCOvHrr45;9;234.14;http://i.annihil.us/u/prod/marvel/i/mg/6/a0/5697d7ca0f513;jpg
LJTQqMtgJCjmpZ45;7;110.96;http://i.annihil.us/u/prod/marvel/i/mg/3/80/56980e34a2d62;jpg
LJTQqMtgJCjmpZ45;5;35.99;http://i.annihil.us/u/prod/marvel/i/mg/3/80/56980e34a2d62;jpg
LJTQqMtgJCjmpZ45;6;187.19;http://i.annihil.us/u/prod/marvel/i/mg/3/80/56980e34a2d62;jpg
LJTQqMtgJCjmpZ45;5;68.23;http://i.annihil.us/u/prod/marvel/i/mg/3/80/56980e34a2d62;jpg
2kF4JdZuff2Fg6s8;4;170.73;http://i.annihil.us/u/prod/marvel/i/mg/5/d0/56a0f14ae5703;jpg
2kF4JdZuff2Fg6s8;7;6.17;http://i.annihil.us/u/prod/marvel/i/mg/5/d0/56a0f14ae5703;jpg
2kF4JdZuff2Fg6s8;5;66.44;http://i.annihil.us/u/prod/marvel/i/mg/5/d0/56a0f14ae5703;jpg
2kF4JdZuff2Fg6s8;9;143.04;http://i.annihil.us/u/prod/marvel/i/mg/5/d0/56a0f14ae5703;jpg
t54Jcl8AFzGfKfB6;7;106.15;http://i.annihil.us/u/prod/marvel/i/mg/4/c0/5697d8e6387c4;jpg
t54Jcl8AFzGfKfB6;1;246.72;http://i.annihil.us/u/prod/marvel/i/mg/4/c0/5697d8e6387c4;jpg
t54Jcl8AFzGfKfB6;0;219.72;http://i.annihil.us/u/prod/marvel/i/mg/4/c0/5697d8e6387c4;jpg
t54Jcl8AFzGfKfB6;7;110.32;http://i.annihil.us/u/prod/marvel/i/mg/4/c0/5697d8e6387c4;jpg
EVVDuE4HaCk1Ujzw;9;247.40;http://i.annihil.us/u/prod/marvel/i/mg/2/f0/56a0f3681341b;jpg
EVVDuE4HaCk1Ujzw;1;173.99;http://i.annihil.us/u/prod/marvel/i/mg/2/f0/56a0f3681341b;jpg
EVVDuE4HaCk1Ujzw;4;2.44;http://i.annihil.us/u/prod/marvel/i/mg/2/f0/56a0f3681341b;jpg
EVVDuE4HaCk1Ujzw;7;221.85;http://i.annihil.us/u/prod/marvel/i/mg/2/f0/56a0f3681341b;jpg
uRlguOGoGrQ6tayo;8;23.19;http://i.annihil.us/u/prod/marvel/i/mg/b/40/image_not_available;jpg
uRlguOGoGrQ6tayo;2;45.70;http://i.annihil.us/u/prod/marvel/i/mg/b/40/image_not_available;jpg
uRlguOGoGrQ6tayo;0;249.39;http://i.annihil.us/u/prod/marvel/i/mg/b/40/image_not_available;jpg
uRlguOGoGrQ6tayo;3;208.28;http://i.annihil.us/u/prod/marvel/i/mg/b/40/image_not_available;jpg
L4IVuGPYQ47UhHVt;0;137.31;http://i.annihil.us/u/prod/marvel/i/mg/8/80/56a0f6a6ba032;jpg
L4IVuGPYQ47UhHVt;1;189.77;http://i.annihil.us/u/prod/marvel/i/mg/8/80/56a0f6a6ba032;jpg
L4IVuGPYQ47UhHVt;3;26.97;http://i.annihil.us/u/prod/marvel/i/mg/8/80/56a0f6a6ba032;jpg
L4IVuGPYQ47UhHVt;3;159.04;http://i.annihil.us/u/prod/marvel/i/mg/8/80/56a0f6a6ba032;jpg
QQDNkNCwfyQcYpsG;1;188.14;http://i.annihil.us/u/prod/marvel/i/mg/c/d0/5697da675aaec;jpg
QQDNkNCwfyQcYpsG;4;154.78;http://i.annihil.us/u/prod/marvel/i/mg/c/d0/5697da675aaec;jpg
QQDNkNCwfyQcYpsG;5;201.09;http://i.annihil.us/u/prod/marvel/i/mg/c/d0/5697da675aaec;jpg
QQDNkNCwfyQcYpsG;9;84.00;http://i.annihil.us/u/prod/marvel/i/mg/c/d0/5697da675aaec;jpg
mHsJTPp4ntYyqxRy;0;151.76;http://i.annihil.us/u/prod/marvel/i/mg/b/40/image_not_available;jpg
mHsJTPp4ntYyqxRy;7;212.73;http://i.annihil.us/u/prod/marvel/i/mg/b/40/image_not_available;jpg
mHsJTPp4ntYyqxRy;9;87.16;http://i.annihil.us/u/prod/marvel/i/mg/b/40/image_not_available;jpg
mHsJTPp4ntYyqxRy;0;98.29;http://i.annihil.us/u/prod/marvel/i/mg/b/40/image_not_available;jpg
Pxzy7ZN7liiqXMvI;8;132.50;http://i.annihil.us/u/prod/marvel/i/mg/c/30/56b371bfb3ea7;jpg
Pxzy7ZN7liiqXMvI;7;117.79;http://i.annihil.us/u/prod/marvel/i/mg/c/30/56b371bfb3ea7;jpg
Pxzy7ZN7liiqXMvI;0;66.84;http://i.annihil.us/u/prod/marvel/i/mg/c/30/56b371bfb3ea7;jpg
Pxzy7ZN7liiqXMvI;0;62.49;http://i.annihil.us/u/prod/marvel/i/mg/c/30/56b371bfb3ea7;jpg
u9POrTDVyScCNtHM;1;21.47;http://i.annihil.us/u/prod/marvel/i/mg/5/30/5696b8e49f985;jpg
u9POrTDVyScCNtHM;4;75.59;http://i.annihil.us/u/prod/marvel/i/mg/5/30/5696b8e49f985;jpg
u9POrTDVyScCNtHM;8;108.94;http://i.annihil.us/u/prod/marvel/i/mg/5/30/5696b8e49f985;jpg
u9POrTDVyScCNtHM;8;100.71;http://i.annihil.us/u/prod/marvel/i/mg/5/30/5696b8e49f985;jpg
1xR2vp2W2XGQ13ul;6;203.41;http://i.annihil.us/u/prod/marvel/i/mg/3/e0/5696b21e184e7;jpg
1xR2vp2W2XGQ13ul;5;173.77;http://i.annihil.us/u/prod/marvel/i/mg/3/e0/5696b21e184e7;jpg
1xR2vp2W2XGQ13ul;3;114.56;http://i.annihil.us/u/prod/marvel/i/mg/3/e0/5696b21e184e7;jpg
1xR2vp2W2XGQ13ul;7;244.89;http://i.annihil.us/u/prod/marvel/i/mg/3/e0/5696b21e184e7;jpg
CkA91SEYLETX2Bvw;9;33.47;http://i.annihil.us/u/prod/marvel/i/mg/b/40/image_not_available;jpg
CkA91SEYLETX2Bvw;3;140.41;http://i.annihil.us/u/prod/marvel/i/mg/b/40/image_not_available;jpg
CkA91SEYLETX2Bvw;8;205.09;http://i.annihil.us/u/prod/marvel/i/mg/b/40/image_not_available;jpg
CkA91SEYLETX2Bvw;5;234.75;http://i.annihil.us/u/prod/marvel/i/mg/b/40/image_not_available;jpg
WL6DgjQ0kg1x1L0l;6;0.15;http://i.annihil.us/u/prod/marvel/i/mg/b/40/image_not_available;jpg
WL6DgjQ0kg1x1L0l;1;121.47;http://i.annihil.us/u/prod/marvel/i/mg/b/40/image_not_available;jpg
WL6DgjQ0kg1x1L0l;5;146.70;http://i.annihil.us/u/prod/marvel/i/mg/b/40/image_not_available;jpg
WL6DgjQ0kg1x1L0l;2;109.04;http://i.annihil.us/u/prod/marvel/i/mg/b/40/image_not_available;jpg
GRSIpg6MBWzDmYca;6;203.12;http://i.annihil.us/u/prod/marvel/i/mg/b/40/image_not_available;jpg
GRSIpg6MBWzDmYca;8;61.97;http://i.annihil.us/u/prod/marvel/i/mg/b/40/image_not_available;jpg
GRSIpg6MBWzDmYca;0;214.88;http://i.annihil.us/u/prod/marvel/i/mg/b/40/image_not_available;jpg
GRSIpg6MBWzDmYca;4;68.48;http://i.annihil.us/u/prod/marvel/i/mg/b/40/image_not_available;jpg
0KgJ0HWRx16zVnyW;7;34.28;http://i.annihil.us/u/prod/marvel/i/mg/b/40/image_not_available;jpg
0KgJ0HWRx16zVnyW;0;228.23;http://i.annihil.us/u/prod/marvel/i/mg/b/40/image_not_available;jpg
0KgJ0HWRx16zVnyW;7;247.34;http://i.annihil.us/u/prod/marvel/i/mg/b/40/image_not_available;jpg
0KgJ0HWRx16zVnyW;0;248.66;http://i.annihil.us/u/prod/marvel/i/mg/b/40/image_not_available;jpg
2KXf9kGmhjQjs60k;2;43.70;http://i.annihil.us/u/prod/marvel/i/mg/6/f0/56a0f86f292e6;jpg
2KXf9kGmhjQjs60k;8;173.23;http://i.annihil.us/u/prod/marvel/i/mg/6/f0/56a0f86f292e6;jpg
2KXf9kGmhjQjs60k;4;122.99;http://i.annihil.us/u/prod/marvel/i/mg/6/f0/56a0f86f292e6;jpg
2KXf9kGmhjQjs60k;7;120.43;http://i.annihil.us/u/prod/marvel/i/mg/6/f0/56a0f86f292e6;jpg
403LFiZ2A1btaJS7;8;152.88;http://i.annihil.us/u/prod/marvel/i/mg/6/70/5697dd001be65;jpg
403LFiZ2A1btaJS7;9;179.43;http://i.annihil.us/u/prod/marvel/i/mg/6/70/5697dd001be65;jpg
403LFiZ2A1btaJS7;7;135.31;http://i.annihil.us/u/prod/marvel/i/mg/6/70/5697dd001be65;jpg
403LFiZ2A1btaJS7;6;186.60;http://i.annihil.us/u/prod/marvel/i/mg/6/70/5697dd001be65;jpg
XyHS28bYdvrfRG44;0;188.13;http://i.annihil.us/u/prod/marvel/i/mg/b/40/image_not_available;jpg
XyHS28bYdvrfRG44;4;217.01;http://i.annihil.us/u/prod/marvel/i/mg/b/40/image_not_available;jpg
XyHS28bYdvrfRG44;0;41.89;http://i.annihil.us/u/prod/marvel/i/mg/b/40/image_not_available;jpg
XyHS28bYdvrfRG44;6;162.75;http://i.annihil.us/u/prod/marvel/i/mg/b/40/image_not_available;jpg
Q5zX1raryZSexWIB;1;196.39;http://i.annihil.us/u/prod/marvel/i/mg/3/e0/5696c525e32b8;jpg
Q5zX1raryZSexWIB;1;134.02;http://i.annihil.us/u/prod/marvel/i/mg/3/e0/5696c525e32b8;jpg
Q5zX1raryZSexWIB;4;98.13;http://i.annihil.us/u/prod/marvel/i/mg/3/e0/5696c525e32b8;jpg
Q5zX1raryZSexWIB;4;175.41;http://i.annihil.us/u/prod/marvel/i/mg/3/e0/5696c525e32b8;jpg
3CRpRL6HCGO1PMkT;5;72.89;http://i.annihil.us/u/prod/marvel/i/mg/f/40/56a0fba8e6ac7;jpg
3CRpRL6HCGO1PMkT;5;192.60;http://i.annihil.us/u/prod/marvel/i/mg/f/40/56a0fba8e6ac7;jpg
3CRpRL6HCGO1PMkT;5;110.70;http://i.annihil.us/u/prod/marvel/i/mg/f/40/56a0fba8e6ac7;jpg
3CRpRL6HCGO1PMkT;3;82.09;http://i.annihil.us/u/prod/marvel/i/mg/f/40/56a0fba8e6ac7;jpg
0FFfFEAyno1w2ERz;4;228.43;http://i.annihil.us/u/prod/marvel/i/mg/a/30/5697de08ed66a;jpg
0FFfFEAyno1w2ERz;9;63.59;http://i.annihil.us/u/prod/marvel/i/mg/a/30/5697de08ed66a;jpg
0FFfFEAyno1w2ERz;6;219.22;http://i.annihil.us/u/prod/marvel/i/mg/a/30/5697de08ed66a;jpg
0FFfFEAyno1w2ERz;6;18.97;http://i.annihil.us/u/prod/marvel/i/mg/a/30/5697de08ed66a;jpg
OLQa4J9UA6w2SElh;6;49.92;http://i.annihil.us/u/prod/marvel/i/mg/6/30/56980f1a024ce;jpg
OLQa4J9UA6w2SElh;2;80.04;http://i.annihil.us/u/prod/marvel/i/mg/6/30/56980f1a024ce;jpg
OLQa4J9UA6w2SElh;9;129.91;http://i.annihil.us/u/prod/marvel/i/mg/6/30/56980f1a024ce;jpg
OLQa4J9UA6w2SElh;3;172.77;http://i.annihil.us/u/prod/marvel/i/mg/6/30/56980f1a024ce;jpg
xxQGuTk6kImUio2a;1;200.72;http://i.annihil.us/u/prod/marvel/i/mg/d/e0/5698105539b17;jpg
xxQGuTk6kImUio2a;6;51.48;http://i.annihil.us/u/prod/marvel/i/mg/d/e0/5698105539b17;jpg
xxQGuTk6kImUio2a;8;34.44;http://i.annihil.us/u/prod/marvel/i/mg/d/e0/5698105539b17;jpg
xxQGuTk6kImUio2a;9;117.89;http://i.annihil.us/u/prod/marvel/i/mg/d/e0/5698105539b17;jpg
lUedeWBXeAxpwhzF;3;184.84;http://i.annihil.us/u/prod/marvel/i/mg/b/40/image_not_available;jpg
lUedeWBXeAxpwhzF;4;4.51;http://i.annihil.us/u/prod/marvel/i/mg/b/40/image_not_available;jpg
lUedeWBXeAxpwhzF;1;208.05;http://i.annihil.us/u/prod/marvel/i/mg/b/40/image_not_available;jpg
lUedeWBXeAxpwhzF;4;138.11;http://i.annihil.us/u/prod/marvel/i/mg/b/40/image_not_available;jpg
6d4IVCY1z5Y4GqKc;8;35.91;http://i.annihil.us/u/prod/marvel/i/mg/b/40/image_not_available;jpg
6d4IVCY1z5Y4GqKc;7;74.78;http://i.annihil.us/u/prod/marvel/i/mg/b/40/image_not_available;jpg
6d4IVCY1z5Y4GqKc;5;172.24;http://i.annihil.us/u/prod/marvel/i/mg/b/40/image_not_available;jpg
6d4IVCY1z5Y4GqKc;9;110.12;http://i.annihil.us/u/prod/marvel/i/mg/b/40/image_not_available;jpg
TWrawXzVOUOfUTHK;0;36.40;http://i.annihil.us/u/prod/marvel/i/mg/b/40/image_not_available;jpg
TWrawXzVOUOfUTHK;7;68.14;http://i.annihil.us/u/prod/marvel/i/mg/b/40/image_not_available;jpg
TWrawXzVOUOfUTHK;0;241.69;http://i.annihil.us/u/prod/marvel/i/mg/b/40/image_not_available;jpg
TWrawXzVOUOfUTHK;2;26.50;http://i.annihil.us/u/prod/marvel/i/mg/b/40/image_not_available;jpg
UrfWBLtQDB6FA0oK;5;139.84;http://i.annihil.us/u/prod/marvel/i/mg/d/03/5698139c4d305;jpg
UrfWBLtQDB6FA0oK;5;46.02;http://i.annihil.us/u/prod/marvel/i/mg/d/03/5698139c4d305;jpg
UrfWBLtQDB6FA0oK;3;50.20;http://i.annihil.us/u/prod/marvel/i/mg/d/03/5698139c4d305;jpg
UrfWBLtQDB6FA0oK;3;191.35;http://i.annihil.us/u/prod/marvel/i/mg/d/03/5698139c4d305;jpg
vMIKzJib222FsVbr;2;70.49;http://i.annihil.us/u/prod/marvel/i/mg/9/10/569ff0a6211ad;jpg
vMIKzJib222FsVbr;6;220.38;http://i.annihil.us/u/prod/marvel/i/mg/9/10/569ff0a6211ad;jpg
vMIKzJib222FsVbr;5;50.21;http://i.annihil.us/u/prod/marvel/i/mg/9/10/569ff0a6211ad;jpg
vMIKzJib222FsVbr;9;188.14;http://i.annihil.us/u/prod/marvel/i/mg/9/10/569ff0a6211ad;jpg
