IssueID;title;series;description;publisherString;publicationDate;thumbnail/path;thumbnail/extension;images/0/path;images/0/extension;_id;images/1/path;images/1/extension;images/2/path;images/2/extension;images/3/path;images/3/extension;images/4/path;images/4/extension
1;A-Force (2016) ;4;Does defeating Antimatter mean the end of Singularity? As Singularity faces Antimatter on her own, prepared to sacrifice her own existence, A-Force rallies behind her. With Tempest Bell s help, SHE-HULK, CAPTAIN MARVEL, MEDUSA, and NICO MINORU make a final bid to save Singularity from destruction while still saving the world from Antimatter s ever-growing threat. But every action has a cost, and what will these actions cost A-Force?;Marvel;2016-01-14T20:26:16+02:00;http://i.annihil.us/u/prod/marvel/i/mg/a/d0/5697e88b7f4de;jpg;http://i.annihil.us/u/prod/marvel/i/mg/a/d0/5697e88b7f4de;jpg;hbUAIkxs01o0fvN3;;;;;;;;
2;A-Force (2016) ;5;"""Rage, Rage Against The Dying Of The Light""� STARTS NOW! When a massive dragon attacks a small coastal town, SHE-HULK, CAPTAIN MARVEL, MEDUSA, DAZZLER, NICO MINORU, and SINGULARITY spring into action. But this dragon is more than she seems and has her sights set on more than just one small town. In fact, she s got her sights set on one of A-FORCE. Meanwhile, Dazzler s got a big secret and the strangest ally ever is going to help them in this fight... or maybe try to arrest them.";Marvel;2016-02-04T17:18:41+02:00;http://i.annihil.us/u/prod/marvel/i/mg/7/40/56b36c949f91d;jpg;http://i.annihil.us/u/prod/marvel/i/mg/7/40/56b36c949f91d;jpg;zYIVquLMzmPQTuY4;;;;;;;;
3;A-Force Presents;(Trade Paperback);;Marvel;2016-01-19T16:04:21+02:00;http://i.annihil.us/u/prod/marvel/i/mg/b/40/image_not_available;jpg;;;pLMV0KvUGJlb0pkh;;;;;;;;
4;Agents of S.H.I.E.L.D. (2016) ;4;A STANDOFF tie-in! The Agents of S.H.I.E.L.D. take on the New Avengers! Plus, the world s craziest Wolverine cameo continues! Check out the book that everyone has been raving about!;Marvel;2016-01-14T20:33:13+02:00;http://i.annihil.us/u/prod/marvel/i/mg/6/03/5697eb1108423;jpg;http://i.annihil.us/u/prod/marvel/i/mg/6/03/5697eb1108423;jpg;lqwJyxsW1Nlx84yw;;;;;;;;
5;All-New Hawkeye (2015) ;6;;Marvel;2016-02-01T20:49:21+02:00;http://i.annihil.us/u/prod/marvel/i/mg/4/80/5696b749db926;jpg;http://i.annihil.us/u/prod/marvel/i/mg/4/80/5696b749db926;jpg;ZoKhuEG4USPWb9Zq;;;;;;;;
6;All-New Inhumans (2015) ;7;AN ALL-NEW ADVENTURE STARTS NOW! The Unpredicable Anna Kravinoff (a.k.a., one of the Kraven family) joins the cast and leads Crystal and her crew to the wilds of Africa in search of a hidden Inhuman enclave that holds answers to Flint s past. Who are these isolationist Inhumans and why was Flint sent away at such a young age?! Those answers will cause the All-New Inhumans all kinds of problems.;Marvel;2016-02-04T17:27:17+02:00;http://i.annihil.us/u/prod/marvel/i/mg/2/f0/56b36e637a110;jpg;http://i.annihil.us/u/prod/marvel/i/mg/2/f0/56b36e637a110;jpg;ttzLckGhHweudmnJ;;;;;;;;
7;All-New X-Men (2015) ;8;"MUTANTS AND""MAGIC?! As young Beast continues to struggle with his new life in the present day Marvel Universe, he turns to another man of science for guidance former surgeon and present day sorcerer supreme, Doctor Strange! But seeing as Strange has put down his scalpel to pick up a spellbook, Beast might be receiving very different answers than he was hoping for""";Marvel;2016-01-14T20:48:13+02:00;http://i.annihil.us/u/prod/marvel/i/mg/d/60/5697edabe8f47;jpg;http://i.annihil.us/u/prod/marvel/i/mg/d/60/5697edabe8f47;jpg;OJz3o7jdnAzMuzml;;;;;;;;
8;All-New, All-Different Avengers (2015) ;9;New Story Starts NOW! Introducing the all-new Wasp! Who is she? What is she? And what does she intend to do about Earth s Mightiest Heroes?;Marvel;2016-02-04T19:50:33+02:00;http://i.annihil.us/u/prod/marvel/i/mg/a/00/56b38fc25ec96;jpg;http://i.annihil.us/u/prod/marvel/i/mg/a/00/56b38fc25ec96;jpg;SX2Rj2sz5Xzqpeyv;;;;;;;;
9;All-New, All-Different Marvel Universe (2015) ;1;;Marvel;2016-01-15T21:22:32+02:00;http://i.annihil.us/u/prod/marvel/i/mg/b/40/image_not_available;jpg;;;GDP867jNbqiDxgIu;;;;;;;;
10;Amazing Spider-Man (2015) ;1.4;;Marvel;2016-01-15T21:22:33+02:00;http://i.annihil.us/u/prod/marvel/i/mg/b/40/image_not_available;jpg;;;4D20n1N1A0RXvBpq;;;;;;;;
11;Amazing Spider-Man (2015) ;1.4 (Tbd Artist Variant);;Marvel;2016-01-15T21:22:34+02:00;http://i.annihil.us/u/prod/marvel/i/mg/b/40/image_not_available;jpg;;;SHZsH9VZV3I8Hgn5;;;;;;;;
12;Amazing Spider-Man (2015) ;10;The 13th sign of the Zodiac is THE SPIDER?!?!?! Scorpio is on the verge of controlling the future and Spider-Man s fight will take him on both sides of the English Channel. But when Scorpio compromises Parker Industries, what will this mean for Peter moving forward?!;Marvel;2016-01-14T20:57:47+02:00;http://i.annihil.us/u/prod/marvel/i/mg/7/03/5697f0136114e;jpg;http://i.annihil.us/u/prod/marvel/i/mg/7/03/5697f0136114e;jpg;eYO1vQAoGp214sA4;;;;;;;;
13;Amazing Spider-Man (2015) ;11;The 13th sign of the Zodiac is THE SPIDER?!?!?! Scorpio is on the verge of controlling the future and Spider-Man s fight will take him on both sides of the English Channel. But when Scorpio compromises Parker Industries, what will this mean for Peter moving forward?!;Marvel;2016-01-20T19:59:44+02:00;http://i.annihil.us/u/prod/marvel/i/mg/9/80/569fcb6811a4c;jpg;http://i.annihil.us/u/prod/marvel/i/mg/9/80/569fcb6811a4c;jpg;4pBcfvjCDmANFPOP;;;;;;;;
14;Amazing Spider-Man (2015) ;12;"""� POWER PLAY begins now! The Amazing Spider-Man, Iron Man, Spider-Man and the rest of the All-New All-Different Avengers come together for this huge story! The most dangerous foe from SECRET WARS, REGENT makes his true intentions known ""� and it will take the greatest heroes of the Marvel Universe to stop him.
";Marvel;2016-02-04T17:34:10+02:00;http://i.annihil.us/u/prod/marvel/i/mg/f/a0/56b36fbbc6d8d;jpg;http://i.annihil.us/u/prod/marvel/i/mg/f/a0/56b36fbbc6d8d;jpg;toQWT6cU45powTvB;;;;;;;;
15;Angela: Queen of Hel (2015) ;7;"An ancient evil slithers into New York City, making living horrors out of fables and folklore. Angela, Sera, Leah, and Thor race to defeat THE FAUSTIAN QUEEN before she rewrites the world into a story of her very own.
";Marvel;2016-01-20T20:45:14+02:00;http://i.annihil.us/u/prod/marvel/i/mg/7/90/569fd6287db58;jpg;http://i.annihil.us/u/prod/marvel/i/mg/7/90/569fd6287db58;jpg;W4NhOxe5YRhmmuRb;;;;;;;;
16;Ant-Man: So;(Trade Paperback);It s the origin of the original Avenger, Ant-Man! Hank Pym has been known by a variety of names - including Ant-Man, Giant-Man, Goliath and Yellowjacket - he s been an innovative scientist, a famed super hero, an abusive spouse and more. What demons drive a man like Hank Pym? And how did he begin his heroic career? ;Marvel;2012-09-26T00:05:58+02:00;http://i.annihil.us/u/prod/marvel/i/mg/c/30/4fe8cb51f32e0;jpg;http://i.annihil.us/u/prod/marvel/i/mg/c/30/4fe8cb51f32e0;jpg;Kc3tpVwC0wN3mbfc;;;;;;;;
17;Black Panther (2016) ;1;"A new era for the Black Panther starts here! Written by MacArthur Genius and National Book Award winner TA-NEHISI COATES (Between the World and Me) and illustrated by living legend BRIAN STELFREEZE, ""A Nation Under Our Feet""� is a story about dramatic upheaval in Wakanda and the Black Panther s struggle to do right by his people as their ruler. The indomitable will of Wakanda -- the famed African nation known for its vast wealth, advanced technology and warrior traditions -- has long been reflected in the will of its monarchs, the Black Panthers. But now the current Black Panther, T Challa, finds that will tested by a superhuman terrorist group called The People that has sparked a violent uprising among the citizens of Wakanda. T Challa knows the country must change to survive -- the question is, will the Black Panther survive the change?";Marvel;2016-02-01T16:03:58+02:00;http://i.annihil.us/u/prod/marvel/i/mg/c/80/567065cfebad5;jpg;http://i.annihil.us/u/prod/marvel/i/mg/c/80/567065cfebad5;jpg;MpUWb5UnDYKQaDFL;http://i.annihil.us/u/prod/marvel/i/mg/9/c0/5670658dbcde4;jpg;http://i.annihil.us/u/prod/marvel/i/mg/7/03/5602b6537534f;jpg;;;;
18;Black Panther (2016) ;2;"The darkest chapter of the Black Panther mythos continues as Wakanda crumbles from within. Enter: The Midnight Angels! Two mysterious women leading the citizen revolt against the current regime of Wakanda, challenging not only T Challa s politics but also his resolve. But will their rage provide more for the people than the royal family has thus far? Written by MacArthur Genius and National Book Award winner TA-NEHISI COATES (Between the World and Me) and illustrated by living legend BRIAN STELFREEZE!
";Marvel;2016-02-04T20:02:24+02:00;http://i.annihil.us/u/prod/marvel/i/mg/6/03/56b393152b870;jpg;http://i.annihil.us/u/prod/marvel/i/mg/6/03/56b393152b870;jpg;udAy3mHeU1QOtSAY;;;;;;;;
19;Black Widow (2016) ;3;"RED ROOM BY MORNING, SPIES TAKE WARNING The Weeping Lion has Black Widow under his thumb. Until Natasha learns his true motivations, she s trapped playing his personal weapon and spy""he s controlling the best in the world, and sending her to the place she never wanted to go: home.";Marvel;2016-02-04T21:12:17+02:00;http://i.annihil.us/u/prod/marvel/i/mg/c/50/56b3a2d5ed7b6;jpg;http://i.annihil.us/u/prod/marvel/i/mg/c/50/56b3a2d5ed7b6;jpg;YYySP9EWvx2FR4Qu;;;;;;;;
20;Brilliant (2011) ;6;The runaway creator-owned smash continues! From the award-winning creators of ULTIMATE SPIDER-MAN comes another blistering chapter in a world where college students discover the secret of superpowers - and now that secret is out! How will the world react when science fiction becomes science fact?;Marvel;2016-02-18T18:58:47+02:00;http://i.annihil.us/u/prod/marvel/i/mg/6/03/502912f2a8809;jpg;http://i.annihil.us/u/prod/marvel/i/mg/6/03/502912f2a8809;jpg;3z3IV5PUhHG6MGuO;;;;;;;;
21;Brilliant (2011) ;7;From the award-winning creators behind ULTIMATE SPIDER-MAN and AVENGERS ASSEMBLE comes the shocking creator-owned series that gives you something very different than a regular superhero comic and asks the question: How would the world react if a group of brilliant college students actually discovered the secret of superpowers? Well now, the secret is out!;Marvel;2016-02-18T18:59:27+02:00;http://i.annihil.us/u/prod/marvel/i/mg/b/80/4fb2a4aa018c6;jpg;http://i.annihil.us/u/prod/marvel/i/mg/b/80/4fb2a4aa018c6;jpg;CHzUjaBUAfFGxZwb;;;;;;;;
22;Captain America: Sam Wilson (2015) ;7 (Alex Ross Classic Variant);;Marvel;2016-01-15T21:22:34+02:00;http://i.annihil.us/u/prod/marvel/i/mg/b/40/image_not_available;jpg;;;2nnbMpzrubMCNzRk;;;;;;;;
23;Captain America: Sam Wilson (2015) ;7 (Cassaday Variant);;Marvel;2016-01-15T21:22:34+02:00;http://i.annihil.us/u/prod/marvel/i/mg/b/40/image_not_available;jpg;;;dL8FNSUMcg3CtcDg;;;;;;;;
24;Captain America: Sam Wilson (2015) ;7 (Steranko Variant);;Marvel;2016-01-15T21:22:34+02:00;http://i.annihil.us/u/prod/marvel/i/mg/b/40/image_not_available;jpg;;;fDeUYxlkb6NnmKZN;;;;;;;;
25;Captain America: Sam Wilson (2015) ;7 (Tbd Artist Cap of All Eras Variant);;Marvel;2016-01-15T21:22:34+02:00;http://i.annihil.us/u/prod/marvel/i/mg/b/40/image_not_available;jpg;;;RYwhujA6gMp4I5JT;;;;;;;;
26;Captain America: Sam Wilson (2015) ;7 (Tbd Artist Tru Variant);;Marvel;2016-01-15T21:22:34+02:00;http://i.annihil.us/u/prod/marvel/i/mg/b/40/image_not_available;jpg;;;68NH9yyc0NY5KgJu;;;;;;;;
27;Captain America: Sam Wilson (2015) ;9;STANDOFF Epilogue! With Steve Rogers back as Cap, Sam struggles to find his place. Can the country handle two Captain Americas?;Marvel;2016-02-04T21:19:38+02:00;http://i.annihil.us/u/prod/marvel/i/mg/9/70/56b3a5fe264e4;jpg;http://i.annihil.us/u/prod/marvel/i/mg/9/70/56b3a5fe264e4;jpg;1S2iNI45LgXgcQFB;;;;;;;;
28;Carnage (2015) ;7;"Carnage has evolved to the next level and the world is in deep trouble. Powered up, Carnage has set his sights far wider than ever before and with this new power and his general psychopathic tendencies, the oceans are going to be red with blood. Can Man-Wolf, Toxin and crew possibly contain him?
";Marvel;2016-01-20T21:05:44+02:00;http://i.annihil.us/u/prod/marvel/i/mg/9/80/569fdae501d72;jpg;http://i.annihil.us/u/prod/marvel/i/mg/9/80/569fdae501d72;jpg;x83RlqL6ComtmqGN;;;;;;;;
29;Civil War II ;-2016;From the creative team that brought you House of M and Siege comes a blistering first chapter in Marvel s new explosive event. Watch as the players are introduced and the table is set for a storyline that fans will be talking about for years.;Marvel;2016-02-04T21:37:11+02:00;http://i.annihil.us/u/prod/marvel/i/mg/6/b0/56b3a8e22f837;jpg;http://i.annihil.us/u/prod/marvel/i/mg/6/b0/56b3a8e22f837;jpg;tqCCD6dyGdkVluZY;;;;;;;;
30;Civil War: House of M;(Trade Paperback);;Marvel;2016-01-15T21:22:33+02:00;http://i.annihil.us/u/prod/marvel/i/mg/b/40/image_not_available;jpg;;;l3CFWpuS2m0ISkM4;;;;;;;;
31;Contest of Champions (2015) ;7;"""Ultimate Fighting""� STARTS NOW! After the cataclysmic events of last issue -- Battlerealm will never be the same! But Earth s ultimate superteam has discovered the Contest -- and they don t like it at all! Is this the end of Maestro s dream of power? Or the start of a whole new Contest of Champions? Fan-fave writer Al Ewing combines two of his new series into one can t-miss epic!";Marvel;2016-01-13T23:38:39+02:00;http://i.annihil.us/u/prod/marvel/i/mg/9/80/5696c451ce1fa;jpg;http://i.annihil.us/u/prod/marvel/i/mg/9/80/5696c451ce1fa;jpg;IjdahRTgEBVxnWSu;;;;;;;;
32;Contest of Champions (2015) ;8;"ULTIMATE FIGHTING""� continues! Here come... THE SYMBIOIDS! Half Venom - half Void - and all deadly! Are the Ultimates a match for the cosmic critters? And can they knock the Maestro off his throne? Plus - Battleworld breakout! Which contestant returns to Earth - and which one leaves in a box?";Marvel;2016-02-04T21:51:04+02:00;http://i.annihil.us/u/prod/marvel/i/mg/e/e0/56b3abf44dda3;jpg;http://i.annihil.us/u/prod/marvel/i/mg/e/e0/56b3abf44dda3;jpg;0nJKnATGGD7PLt9x;;;;;;;;
33;Daredevil (2015) ;5;Matt Murdock struggles to come to grips with his failure to save Chinatown from the clutches of Tenfingers. Meanwhile, the self-proclaimed prophet revels as his the vision of his rapture is actualized. But not all prophecies are what they seem.;Marvel;2016-01-15T21:22:33+02:00;http://i.annihil.us/u/prod/marvel/i/mg/6/30/5696ab70005de;jpg;http://i.annihil.us/u/prod/marvel/i/mg/6/30/5696ab70005de;jpg;WxxjUbXVnTSUAnbe;;;;;;;;
34;Daredevil (2015) ;5 (Tbd Artist Wop Variant);;Marvel;2016-01-15T21:22:34+02:00;http://i.annihil.us/u/prod/marvel/i/mg/b/40/image_not_available;jpg;;;CzsNFYE2vXN4uDGM;;;;;;;;
35;Daredevil (2015) ;6;"""PRACTICE TO DECEIVE""� STARTS NOW! Hell s Kitchen knows no fury like an assassin scorned. Though Matt Murdock has somehow managed to hide his identity from the entire world, there are parts of his past he cannot escape. Elektra Natchios, is back in the Big Apple and she s got a score to settle with The Man Without Fear!";Marvel;2016-01-20T21:13:53+02:00;http://i.annihil.us/u/prod/marvel/i/mg/2/a0/569fdcbcf24dc;jpg;http://i.annihil.us/u/prod/marvel/i/mg/2/a0/569fdcbcf24dc;jpg;JPQM1GQurQUntljw;;;;;;;;
36;Daredevil/Punisher (2016) ;1;"A simple change of venues for one of Matt Murdock s cases becomes more complicated when THE PUNISHER attempts to send the defendant away""permanently! If DAREDEVIL and BLINDSPOT want to get this mobster his day in court, it will take every ounce of wit and wile they have. All Frank needs to get what he wants is a bullet. The race is on!";Marvel;2016-02-04T23:48:13+02:00;http://i.annihil.us/u/prod/marvel/i/mg/c/60/56b3c7decb058;jpg;http://i.annihil.us/u/prod/marvel/i/mg/c/60/56b3c7decb058;jpg;JHEJLPhUFKKiLRsv;;;;;;;;
37;Darth Vader (2015) ;18;"With resources vital to the Empire on the line, Vader makes his move... But Cylo and his forces are looking to show him up before he can! Full-scale warfare on the surface of Sho-Turun!

Star Wars © Lucasfilm Ltd. & TM. All rights reserved. Used under authorization. Text and illustrations for Star Wars are © 2015 Lucasfilm Ltd.
";Marvel;2016-01-15T21:22:32+02:00;http://i.annihil.us/u/prod/marvel/i/mg/6/f0/5696ad1059af9;jpg;http://i.annihil.us/u/prod/marvel/i/mg/6/f0/5696ad1059af9;jpg;lFVxUKitoStrRYPj;;;;;;;;
38;Darth Vader (2015) ;19;"The SHU-TORUN WAR concludes! Will Vader bring the Ore Barons in line? Or will Cylo and his warriors show the Dark Lord how it s done?

Star Wars © Lucasfilm Ltd. & TM. All rights reserved. Used under authorization. Text and illustrations for Star Wars are © 2015 Lucasfilm Ltd.";Marvel;2016-01-14T21:31:21+02:00;http://i.annihil.us/u/prod/marvel/i/mg/7/90/5697f7dd5772c;jpg;http://i.annihil.us/u/prod/marvel/i/mg/7/90/5697f7dd5772c;jpg;WXm2JUVD3i5Ipvzy;;;;;;;;
39;Deadpool (2015) ;1;"Months ago, we were proud to bring you DEADPOOL TRES PUNTO UNO   a tale told all in Spanish, revealing MASACRE, the Deadpool of Mexico! Due to popular demand (because apparently you were too lazy to translate it for yourself) Marvel has taken to an unspecified Internet translation site and is re-presenting the comic in POORLY TRANSLATED ENGLISH! Just in time for the ""Fifth of May!""�";Marvel;2016-02-05T18:56:45+02:00;http://i.annihil.us/u/prod/marvel/i/mg/c/c0/56b4d488baa9e;jpg;http://i.annihil.us/u/prod/marvel/i/mg/c/c0/56b4d488baa9e;jpg;bRYsXpOi5gTWLHzC;;;;;;;;
40;Deadpool (2015) ;9;DEADPOOL VS. SABRETOOTH, Parts II When two unkillable men go to war, there s bound to be collateral damage. But this time, Deadpool is serious about it. I know, I know how can Deadpool be serious?;Marvel;2016-01-13T23:46:21+02:00;http://i.annihil.us/u/prod/marvel/i/mg/7/70/5696c5ec9616f;jpg;http://i.annihil.us/u/prod/marvel/i/mg/7/70/5696c5ec9616f;jpg;dWJZA4EXGBkQ8hCO;;;;;;;;
41;Doctor Strange: Last Days of Magic (2016) ;1;"This companion to the ""LAST DAYS OF MAGIC""� epic! THE EMPIRIKUL, led by The Imperator, are destroying all magic and magic users in the Marvel Universe. Jason Aaron brings you Doctor Strange and Wong s secret history and the ultimate sacrifice that Wong makes! Gerry Duggan shows Brother Voodoo s stand against the evil magic-eaters. James Robinson introduces a new magic figure in the Marvel U just in time for her last stand!";Marvel;2016-01-20T21:21:16+02:00;http://i.annihil.us/u/prod/marvel/i/mg/9/30/569fdf044a2b1;jpg;http://i.annihil.us/u/prod/marvel/i/mg/9/30/569fdf044a2b1;jpg;gXr2nWYTEmZKlm2m;;;;;;;;
42;Drax (2015) ;6;"""THE CHILDREN S CRUSADE""� STARTS NOW! Annihilus. Ultron. Fin Fang Foom. They were all pieces of cake. Now, Drax prepares to take on the toughest challenge of his life... a gaggle of (partially traumatized) alien children who need to get back to their home planets. Don t worry! Drax will find other stuff to destroy. Like maybe""nap times? Homework? Poo poo diapies?";Marvel;2016-01-20T22:19:29+02:00;http://i.annihil.us/u/prod/marvel/i/mg/f/e0/569fed4d53bbf;jpg;http://i.annihil.us/u/prod/marvel/i/mg/f/e0/569fed4d53bbf;jpg;FnpCfT6rSzBTZZTs;;;;;;;;
43;Guardians of the Galaxy (2015) ;7;BEN GRIMM: SPACE BARBARIAN! The Thing might miss some things about Earth, but he does admit that space has its perks. Riding alien horses into epic battles is one of them!;Marvel;2016-01-14T16:35:28+02:00;http://i.annihil.us/u/prod/marvel/i/mg/6/50/5697b273d3a0c;jpg;http://i.annihil.us/u/prod/marvel/i/mg/6/50/5697b273d3a0c;jpg;cS06vAT6NFJcxel7;;;;;;;;
44;GUIDEBOOK TO THE MARVEL CINEMATIC UNIVERSE   MARVEL S IRON MAN 3/MARVEL S THOR: THE DARK WORLD (2015) ;6;"The MCU Guidebooks launch into Phase 2 of the Cinematic Universe, and Avengers mainstays Iron Man and Thor lead the charge as our comprehensive coverage of the fan-favorite Marvel Studios films and Marvel Television shows continues! Featuring fact sheets, movie-to-comic comparisons and production stills, this issue is packed with profiles and updates on heroes including Iron Man, Thor, Iron Patriot, Sif, Odin and the Warriors Three; stalwart allies including Pepper Potts, Happy Hogan, Jane Foster, Erik Selvig and Darcy Lewis; and deadly foes including the Mandarin, Aldrich Killian, A.I.M., Loki and Malekith! Plus: Extremis! The Aether! President Ellis! Frigga! Bor! Heimdall! The Collector! And more! Relive the big-screen thrills of Marvel s Iron Man 3 and Thor: The Dark World right here, and continue building your indispensable library of Cinematic Universe reference books!";Marvel;2016-01-20T22:32:50+02:00;http://i.annihil.us/u/prod/marvel/i/mg/b/40/image_not_available;jpg;;;gSM1lAbDm4H7BXrH;;;;;;;;
45;Gwenpool;-2016;"""Who is Gwenpool, and where did she come from?""� Ever since she made a splash in her first cover appearance, those have been the questions on everyone s lips as they lounge about, sipping from a tropical beverage! Now, get all three of the original Gwenpool backup stories from HOWARD THE DUCK #1-3 featuring Ms. Poole s first appearance and her battle alongside our favorite private duck in one convenient package! Plus: See Gwen s first Xmas in the Marvel Universe, and the guy she killed to mark the occasion!";Marvel;2016-02-05T19:14:55+02:00;http://i.annihil.us/u/prod/marvel/i/mg/c/90/56b4d8fa1d5f4;jpg;http://i.annihil.us/u/prod/marvel/i/mg/c/90/56b4d8fa1d5f4;jpg;lc9T54ihdcMwMm38;;;;;;;;
46;Gwenpool (2016) ;1;2015 s overnight internet sensation takes center stage in her own ongoing series! Gwen Poole used to be a comic book reader just like you...until she woke up in a world where the characters she read about seemed to be real! But they can t be, right? This must all be fake, or a dream or something, right? And you know what that means...NO CONSEQUENCES! Could Gwenpool truly be Marvel s least responsible and least role-modely character to date? She can if she tries!;Marvel;2016-01-14T21:35:35+02:00;http://i.annihil.us/u/prod/marvel/i/mg/f/80/568c0edc4eab9;jpg;http://i.annihil.us/u/prod/marvel/i/mg/f/80/568c0edc4eab9;jpg;qTcV5eV4gTbwYlkF;;;;;;;;
47;Hercules (2015) ;5;The Storm is coming. All myths are dying. New York is the final battleground. Hercules gathers his unlikely allies to make a last stand and protect the Old Ways. But he has never seen a fury like the monsters the Storm is bringing with it.;Marvel;2016-01-15T21:22:33+02:00;http://i.annihil.us/u/prod/marvel/i/mg/c/20/5696add1b08ba;jpg;http://i.annihil.us/u/prod/marvel/i/mg/c/20/5696add1b08ba;jpg;AdqWSAUBCR5aeJk6;;;;;;;;
48;Hercules (2015) ;6;The newborn gods of the Uprising Storm have power over the world, and are about to destroy you all. Unless you re Hercules, of course, in which case you re going to fight back. You are going to gather a few old friends, gather your trusted weapons, channel the courage that once made you famous, and give the newborn gods a fight they will NEVER forget.;Marvel;2016-01-14T17:51:37+02:00;http://i.annihil.us/u/prod/marvel/i/mg/6/f0/5697c442c3e6e;jpg;http://i.annihil.us/u/prod/marvel/i/mg/6/f0/5697c442c3e6e;jpg;zwcyzFWaN0dt3Lhh;;;;;;;;
49;Howard the Duck (2015) ;7;"When a case takes Howard and Tara to the SAVAGE LAND, they need all the help they can get! But instead, they make do with SPIDER-MAN, SHE-HULK, DAREDEVIL and STEVE ROGERS! Join Chip and special guest artist KEVIN MAGUIRE (!!!!) for an issue we like to call ""Howard the Duck Volume Six, Issue Seven!""�";Marvel;2016-02-05T19:33:57+02:00;http://i.annihil.us/u/prod/marvel/i/mg/9/00/56b4e25fd10e2;jpg;http://i.annihil.us/u/prod/marvel/i/mg/9/00/56b4e25fd10e2;jpg;39mB56FSt7QNEH01;;;;;;;;
50;Illuminati (2015) ;6;"A STANDOFF tie-in! S.H.I.E.L.D. has trapped Absorbing Man in a new prison and only the Hood and Titania can save him""But does he want to be saved?!";Marvel;2016-01-14T22:22:45+02:00;http://i.annihil.us/u/prod/marvel/i/mg/7/03/5698040d08b80;jpg;http://i.annihil.us/u/prod/marvel/i/mg/7/03/5698040d08b80;jpg;cjlLJCpbH27m6t6N;;;;;;;;
51;INVINCIBLE IRON MAN (2015) ;8;"""THE WAR MACHINES""� PART 3! Spider-Man, War Machine and Iron Man team up to stop a brand new threat to the Marvel Universe"" like only they can. All this plus more hints to next summer s insane Marvel blockbuster event.";Marvel;2016-01-14T17:58:19+02:00;http://i.annihil.us/u/prod/marvel/i/mg/4/a0/5697c5cd88870;jpg;http://i.annihil.us/u/prod/marvel/i/mg/4/a0/5697c5cd88870;jpg;0jEfu6DP0LNnKOzi;;;;;;;;
52;INVINCIBLE IRON MAN (2015) ;9;Tony and Rhodey are best friends on and off the battlefield but their friendship is tested in ways it never was before as the new power players in the Marvel Universe reveal themselves in a bloody and dangerous fashion that threatens everything they stand for. A Civil War II prologue story!;Marvel;2016-02-05T20:31:26+02:00;http://i.annihil.us/u/prod/marvel/i/mg/9/a0/56b4eac074c89;jpg;http://i.annihil.us/u/prod/marvel/i/mg/9/a0/56b4eac074c89;jpg;UH7fDFFfLZycfQpA;;;;;;;;
53;Iron Man Epic Collection: Duel of Iron;(Trade Paperback);;Marvel;2016-01-19T16:04:43+02:00;http://i.annihil.us/u/prod/marvel/i/mg/b/40/image_not_available;jpg;;;6EvLscwWi4a2yG8e;;;;;;;;
54;Marvel Universe Avengers Assemble: Civil War (2016) ;2;"SECRETS THREATEN TO DESTROY THE AVENGERS! Find out the secret Iron Man has kept from the team""and how it will change the Avengers  future! Captain America takes a stand against Iron Man! It s time: whose side are you on?";Marvel;2016-01-14T18:01:29+02:00;http://i.annihil.us/u/prod/marvel/i/mg/a/50/5697c68ce91bd;jpg;http://i.annihil.us/u/prod/marvel/i/mg/a/50/5697c68ce91bd;jpg;TuoX9zryRlOWT6sg;;;;;;;;
55;Marvel Universe Avengers Assemble: Civil War (2016) ;3;"THE AVENGERS SPLIT IN TWO! With only half of the team on his side, and Avengers Tower wiped out by his new creation, Iron Man seeks help from an ally   only to land them in deeper danger! Meanwhile, Captain America and his half of the team discover S.H.I.E.L.D. isn t everything they thought it was""Will the two teams unite in time to save the day?";Marvel;2016-02-05T23:55:10+02:00;http://i.annihil.us/u/prod/marvel/i/mg/9/60/56b51abe9d436;jpg;http://i.annihil.us/u/prod/marvel/i/mg/9/60/56b51abe9d436;jpg;h1E75Mu9jJkpJB1t;;;;;;;;
56;Marvel Universe Guardians of the Galaxy (2015) ;7;"BETRAYAL! Will the Guardians  survive a betrayal by one of their own""or is this the end of the team?! If you can t trust your friends""can you still turn to FAMILY?!";Marvel;2016-01-14T22:27:17+02:00;http://i.annihil.us/u/prod/marvel/i/mg/a/10/5698051017204;jpg;http://i.annihil.us/u/prod/marvel/i/mg/a/10/5698051017204;jpg;K4Od5UvguXCTdN1s;;;;;;;;
57;Marvel Universe Guardians of the Galaxy;(Digest);;Marvel;2016-01-19T16:04:49+02:00;http://i.annihil.us/u/prod/marvel/i/mg/b/40/image_not_available;jpg;;;1DS8KuAso0WS3y1B;;;;;;;;
58;Marvel Universe Ultimate Spider-Man: Contest of Champions (2016) ;1;;Marvel;2016-01-15T21:22:35+02:00;http://i.annihil.us/u/prod/marvel/i/mg/b/40/image_not_available;jpg;;;61jbyu9Eu1cTdLsj;;;;;;;;
59;Max Ride: Ultimate Flight (2015) ;5;THE JAMES PATTERSON SMASH HIT SERIES CONCLUDES WITH THIS EPIC FINALE! MAXIMUM RIDE has been captured! Where did Max come from? Finally she comes face-to-face with her own origin story. But what happens when it s in the form of a living, breathing DOPPELGANGER?!;Marvel;2016-01-15T21:22:34+02:00;http://i.annihil.us/u/prod/marvel/i/mg/d/03/5696ae9113725;jpg;http://i.annihil.us/u/prod/marvel/i/mg/d/03/5696ae9113725;jpg;72sYSbCvaDraRe7M;;;;;;;;
60;Miracleman by Gaiman & Buckingham: The Silver Age (2016) ;3;"The wait is over! Neil Gaiman and Mark Buckingham present the story you ve waited decades for   the first ALL-NEW chapter in ""The Silver Age!""� High atop the Himalayas, Dicky Dauntless searches to find his place in the Age of Miracles. He ll make new friends and encounter a frightening, familiar face   Johnny Bates! It s Young Miracleman and Kid Miracleman face-to-face!";Marvel;2016-01-14T22:34:39+02:00;http://i.annihil.us/u/prod/marvel/i/mg/b/20/5698071874442;jpg;http://i.annihil.us/u/prod/marvel/i/mg/b/20/5698071874442;jpg;jqSaKpy5FrIHn9JU;;;;;;;;
61;Mockingbird (2016) ;2;Lance Hunter s undercover gig at the London Hellfire Club has gone south and it s up to Mockingbird to rescue him, save the Queen of England, and fight off a passel of kinkily clad sadist toffs. Plus zombis! And corgis!;Marvel;2016-01-14T22:40:57+02:00;http://i.annihil.us/u/prod/marvel/i/mg/7/70/56980859bdee4;jpg;http://i.annihil.us/u/prod/marvel/i/mg/7/70/56980859bdee4;jpg;hrp5phaGMvrnNYb9;;;;;;;;
62;Moon Girl and Devil Dinosaur (2015) ;5;"BUSTED! What s a kid to do when the grown-ups think they know better than you? LUNELLA LAFAYETTE needs her partner-in-crime, DEVIL DINOSAUR, back at her side. So she s gonna have to get creative"" But she better watch her back ""� ""�cause the vicious KILLER FOLKS are getting used to modern life. And they re more formidable than ever!";Marvel;2016-01-15T21:22:33+02:00;http://i.annihil.us/u/prod/marvel/i/mg/b/c0/5696b00cc0fab;jpg;http://i.annihil.us/u/prod/marvel/i/mg/b/c0/5696b00cc0fab;jpg;EzGuWyooLYLo3XbT;;;;;;;;
63;Moon Girl and Devil Dinosaur (2015) ;5 (Guerra Wop Variant);;Marvel;2016-01-15T21:22:35+02:00;http://i.annihil.us/u/prod/marvel/i/mg/b/40/image_not_available;jpg;http://i.annihil.us/u/prod/marvel/i/mg/6/a0/56707df23de44;jpg;QcYaWiWozmxbYnNv;;;;;;;;
64;Moon Girl and Devil Dinosaur (2015) ;6;"THE FIRST CHAPTER OF THIS UNLIKELY FRIENDSHIP COMES TO AN EPIC CONCLUSION! The KILLER FOLK have the NIGHTSTONE, the key to curing Lunella s INHUMAN gene! DEVIL DINOSAUR is trapped in the MUSEUM OF NATURAL HISTORY! LUNELLA LAFAYETTE must decide between saving her new best friend""or saving her own humanity!";Marvel;2016-01-20T23:23:50+02:00;http://i.annihil.us/u/prod/marvel/i/mg/c/b0/569ffa72abc55;jpg;http://i.annihil.us/u/prod/marvel/i/mg/c/b0/569ffa72abc55;jpg;lVf4RCCcrV4QlIEi;;;;;;;;
65;Moon Knight (2016) ;1;"THE BOOK YOU D BE INSANE TO MISS! Marc Spector (a.k.a. Moon Knight/Jake Lockley/Steven Grant) has been fighting criminals and keeping New York City safe for years"" or has he? When he wakes up in an insane asylum with no powers and a lifetime s worth of medical records, his whole identity (indentities) are called into question. Something is wrong, but is that something Marc Spector himself? Jeff Lemire (EXTRAORDINARY X-MEN) and rising star Greg Smallwood are calling everything you know about Moon Knight into question.";Marvel;2016-01-14T22:45:48+02:00;http://i.annihil.us/u/prod/marvel/i/mg/3/60/56058c4b7164b;jpg;http://i.annihil.us/u/prod/marvel/i/mg/4/40/568e90f70681f;jpg;t6RqIXeepH41kejy;http://i.annihil.us/u/prod/marvel/i/mg/4/e0/568e9097bf767;jpg;http://i.annihil.us/u/prod/marvel/i/mg/6/70/56058dbb8a319;jpg;http://i.annihil.us/u/prod/marvel/i/mg/6/20/56058d5d4aa60;jpg;http://i.annihil.us/u/prod/marvel/i/mg/3/60/56058c4b7164b;jpg
66;Moon Knight (2016) ;2;"Marc Spector is in an asylum full of faces: haughty doctor, hostile orderlies, vacant-eyed patients. Or maybe those faces are actually just masks""If some of those masks hide friends, others may hide enemies, or worse""GODS and MONSTERS. The moon is out, the mask is on: it s time to escape will Marc find a city full of sand, or something truly horrifying?";Marvel;2016-02-08T16:44:44+02:00;http://i.annihil.us/u/prod/marvel/i/mg/6/70/56b8aa524f770;jpg;http://i.annihil.us/u/prod/marvel/i/mg/6/70/56b8aa524f770;jpg;k2dylOyprohpJI9z;;;;;;;;
67;Ms. Marvel (2015) ;6;A problem of plenty becomes a problem of many as the Kamala Khan doppelgangers get out of control. Kamala always wanted to be the biggest super hero there ever was... but she didn t mean it literally!;Marvel;2016-01-21T16:21:48+02:00;http://i.annihil.us/u/prod/marvel/i/mg/b/a0/56a0eb1aa094f;jpg;http://i.annihil.us/u/prod/marvel/i/mg/b/a0/56a0eb1aa094f;jpg;f0Z6B4RBEDtMVXDS;;;;;;;;
68;New Avengers (2015) ;11;"A.I.M. vs S.H.I.E.L.D. Starts NOW! They ve lost the Island, the money, the toys, the charismatic leader, the champagne-dispensing robot and half the membership. Where do the New Avengers go from here? Can you say... TIPPY-TOE S KOOKIE QUARTET? Guest-starring ""� The Scarlet Witch! The Plunderer! And the last chance to catch your breath before CIVIL WAR II!";Marvel;2016-02-08T16:54:18+02:00;http://i.annihil.us/u/prod/marvel/i/mg/9/90/56b8ac4c2709f;jpg;http://i.annihil.us/u/prod/marvel/i/mg/9/90/56b8ac4c2709f;jpg;HkbZzcQ4Gpb7xxFU;;;;;;;;
69;New Avengers (2015) ;9;"A STANDOFF tie-in! Up from the depths! Thirty stories high! He salutes the flag and eats apple pie! Corporal Todd Ziller is the AMERICAN KAIJU ""� America s ultimate weapon against renegade super-science! And he s going to get the Whisperer back in custody ""� if he has to break Avengers Island in two!";Marvel;2016-01-14T18:07:25+02:00;http://i.annihil.us/u/prod/marvel/i/mg/7/60/5697c7fce5337;jpg;http://i.annihil.us/u/prod/marvel/i/mg/7/60/5697c7fce5337;jpg;KvAYhZTa1J4d2aYa;;;;;;;;
70;Old Man Logan (2016) ;4;"Hellbent on keeping his future from coming to pass, Old Man Logan is on a one-man mission of MURDER across the Marvel Universe. But hoping to end his friend s rampage, Logan s OLDEST friend comes to his aid"" That s right, it s OLD MAN LOGAN vs. OLD MAN ROGERS! Here s hoping this fight isn t decided by natural causes""";Marvel;2016-01-14T18:11:19+02:00;http://i.annihil.us/u/prod/marvel/i/mg/1/20/5697c93d35209;jpg;http://i.annihil.us/u/prod/marvel/i/mg/1/20/5697c93d35209;jpg;aArgTxCA1mCAvROd;;;;;;;;
71;Old Man Logan (2016) ;5;"Nine months of the year, the desolate town of Killhorn Falls, Canada is cut off from the rest of the world. Cold and dark, visitors are a rarity. So when the time-displaced Old Man Logan comes to town on a mission, people take notice""especially people who have a bone to pick with the former Wolverine. With no way to escape, can Logan protect the people of Killhorn Falls and save his own skin""while safeguarding the only thing in the present that he hopes will survive to meet him in the future?";Marvel;2016-01-21T16:36:35+02:00;http://i.annihil.us/u/prod/marvel/i/mg/c/10/56a0edc12f7d4;jpg;http://i.annihil.us/u/prod/marvel/i/mg/c/10/56a0edc12f7d4;jpg;l2hzs0KWUmUecZhK;;;;;;;;
72;Rocket Raccoon & Groot (2016) ;4;"FRIDAY NIGHT FIGHTS STARTS NOW! It s the best of times when Rocket and Groot are recruited as replacements in an intergalactic football league. These little giants might engage in some necessary roughness, but if they can learn all the right moves these leatherheads might be invincible!
";Marvel;2016-01-14T22:53:50+02:00;http://i.annihil.us/u/prod/marvel/i/mg/9/a0/56980bb8c4be3;jpg;http://i.annihil.us/u/prod/marvel/i/mg/9/a0/56980bb8c4be3;jpg;2PCyrXW8mXv9vOCA;;;;;;;;
73;Scarlet Witch (2015) ;5;WANDA S journey takes her to Spain! There she finds an old vineyard converted from a haunted church where witches used to be burned at the stake. But to unravel the mystery of the hauntings, she must first fight off the ghosts of the SPANISH INQUISITION!;Marvel;2016-01-14T18:15:49+02:00;http://i.annihil.us/u/prod/marvel/i/mg/c/90/5697ca2aeae65;jpg;http://i.annihil.us/u/prod/marvel/i/mg/c/90/5697ca2aeae65;jpg;gYup9Q3o4xiB0pss;;;;;;;;
74;Silver Surfer (2016) ;4;Massive fallout from the events of Silver Surfer s 50th Anniversary issue. There is a price to pay for what Norrin Radd has done. Some actions can never be taken back...or forgiven. Will any of Earth s heroes stand by the Silver Surfer s side in this, his greatest moment of need? A mythic tale in the Mighty Marvel Manner! Guest starring The Avengers, The Thing and major characters from around the Marvel Universe.;Marvel;2016-01-14T23:01:11+02:00;http://i.annihil.us/u/prod/marvel/i/mg/6/30/56980ce04d10e;jpg;http://i.annihil.us/u/prod/marvel/i/mg/6/30/56980ce04d10e;jpg;02Lx0ISQjSTyGkW5;;;;;;;;
75;Spider-Man (2016) ;3;Miles finds himself face-to-face with his toughest villain yet- HIS GRANDMOTHER!!! And an Avengers-study session (date?) with Ms. Marvel goes horribly wrong!;Marvel;2016-01-14T19:12:25+02:00;http://i.annihil.us/u/prod/marvel/i/mg/6/a0/5697d7ca0f513;jpg;http://i.annihil.us/u/prod/marvel/i/mg/6/a0/5697d7ca0f513;jpg;xagFYHuPV6B7sISm;;;;;;;;
76;Spider-Man/Deadpool (2016) ;4;Double date, Deadpool style! Spider-Man finally agrees to hang out with Deadpool outside of adventures, but he might regret it when he discovers that his date is a friend of Deadpool s wife, Shiklah, demon queen of Monster Metropolis. Who s Deadpool s date? Guest-star THOR!;Marvel;2016-01-14T23:04:46+02:00;http://i.annihil.us/u/prod/marvel/i/mg/3/80/56980e34a2d62;jpg;http://i.annihil.us/u/prod/marvel/i/mg/3/80/56980e34a2d62;jpg;Hs3o51O8I4Uag3Zz;;;;;;;;
77;Spider-Woman (2015) ;6;SPIDER-WOMEN, PART 4! Reeling from the revelations of SILK #7, Jessica Drew takes matters into her own hands, damn the consequences! And has Gwen found a way to get Jess and Silk home?;Marvel;2016-01-21T17:01:59+02:00;http://i.annihil.us/u/prod/marvel/i/mg/5/d0/56a0f14ae5703;jpg;http://i.annihil.us/u/prod/marvel/i/mg/5/d0/56a0f14ae5703;jpg;uJZCfMj0vTliXqCM;;;;;;;;
78;Spider-Women Event Alpha (2016) ;1;SPIDER-WOMEN PART 1! The Spider-Event of 2016 is here, bringing SPIDER-GWEN, SILK and SPIDER-WOMAN together for a story too big for any one of their books! Spider-Woman is taking a mentor-role with Silk and Spider-Gwen, and the three spider-heroes take a brunch break on Gwen s Earth-65. But when the nefarious spy organization S.I.L.K. and their leader (Earth-65 s Cindy Moon) notice the interdimensional interlopers, all of Jessica Drew s plans go wrong.;Marvel;2016-01-14T19:18:54+02:00;http://i.annihil.us/u/prod/marvel/i/mg/4/c0/5697d8e6387c4;jpg;http://i.annihil.us/u/prod/marvel/i/mg/4/c0/5697d8e6387c4;jpg;UQ3IAXi9lliaZxnp;;;;;;;;
79;Spidey (2015) ;5;Spidey and Iron Man take on THE VULTURE! The most refreshing book in comics hits you right in the gut with this one!;Marvel;2016-01-21T17:03:12+02:00;http://i.annihil.us/u/prod/marvel/i/mg/2/f0/56a0f3681341b;jpg;http://i.annihil.us/u/prod/marvel/i/mg/2/f0/56a0f3681341b;jpg;xCVpkFks03JbASu3;;;;;;;;
80;Squadron Supreme (2015) ;6;"As the Squadron gets closer to the answer who is the cabal of alien races on Earth and what threat do they pose to the planet? ""� things get personal for Doctor Spectrum as she confronts the man who helped destroy her Earth and save her life...BLACK BOLT! Also, the Squadron s Nighthawk vs. the Nighthawk of the Marvel Universe??";Marvel;2016-01-21T17:11:14+02:00;http://i.annihil.us/u/prod/marvel/i/mg/b/40/image_not_available;jpg;;;N4yuzD9ZMO9FQazQ;;;;;;;;
81;Star Wars (2015) ;18;"With the Rebel base completely overtaken, our only hope is...Leia...Sana...and APHRA?!? Can they save the Imperial prisoners? Do they want to?

Star Wars © Lucasfilm Ltd. & TM. All rights reserved. Used under authorization. Text and illustrations for Star Wars are © 2015 Lucasfilm Ltd.
";Marvel;2016-01-21T17:16:47+02:00;http://i.annihil.us/u/prod/marvel/i/mg/8/80/56a0f6a6ba032;jpg;http://i.annihil.us/u/prod/marvel/i/mg/8/80/56a0f6a6ba032;jpg;kjs5myUcHqUX74Ds;;;;;;;;
82;Star Wars: Poe Dameron (2016) ;1;AN ALL-NEW ONGOING SERIES SPINNING OUT OF STAR WARS: THE FORCE AWAKENS! Poe Dameron, former Republic flyer turned Resistance fighter, is the best pilot in the galaxy. Hand-picked for the resistance by General Leia Organa to lead a squadron on a top secret and vital mission...Poe sets off investigating sites of historical importance to the Force. Revealing backstory leading directly into the holidays  greatest adventure, follow Poe and his X-Wing squadron on covert missions against the First Order brought to you by writer Charles Soule (Star Wars: Lando, Daredevil) and artist Phil Noto (Star Wars: Chewbacca, Black Widow)!;Marvel;2016-01-14T19:25:51+02:00;http://i.annihil.us/u/prod/marvel/i/mg/c/d0/5697da675aaec;jpg;http://i.annihil.us/u/prod/marvel/i/mg/8/b0/56a136d28ab1b;jpg;MyPTMgDK1sQnHMaa;http://i.annihil.us/u/prod/marvel/i/mg/c/d0/5697da675aaec;jpg;;;;;;
83;The Amazing Spider-Man & Silk: The Spider(Fly) Effect (2016) ;2;Spider-Man & Silk have gone back in time...and accidentally stopped their own origins from happening! Thankfully, a friendly Forest Hills local is there to help out...A nice man named BEN.;Marvel;2016-01-14T21:06:29+02:00;http://i.annihil.us/u/prod/marvel/i/mg/b/40/image_not_available;jpg;;;elbQG8qyjGwYLwZe;;;;;;;;
84;The Amazing Spider-Man & Silk: The Spider(Fly) Effect (2016) ;3;Spidey and Silk s time jaunt takes them all the way to their beginning...the science fair where they were bitten by the radioactive spider! Plus: Chronosaurus Rex revealed!;Marvel;2016-02-04T17:40:06+02:00;http://i.annihil.us/u/prod/marvel/i/mg/c/30/56b371bfb3ea7;jpg;http://i.annihil.us/u/prod/marvel/i/mg/c/30/56b371bfb3ea7;jpg;lFd9u5yymZkyTtbK;;;;;;;;
85;The Astonishing Ant-Man (2015) ;7;"""Small Time Criminal""� STARTS NOW! When The Power Broker hits Ant-Man where he s most vulnerable, he ll respond the only way he knows how: That s right. By breaking the law. Lots of laws, actually. The secret of how Scott landed back in jail is revealed here. (Because that s what happens when you break a bunch of laws, genius.)";Marvel;2016-01-13T22:47:45+02:00;http://i.annihil.us/u/prod/marvel/i/mg/5/30/5696b8e49f985;jpg;http://i.annihil.us/u/prod/marvel/i/mg/5/30/5696b8e49f985;jpg;pKnLzVUDB7T3LYpD;;;;;;;;
86;The Unbeatable Squirrel Girl (2015) ;6;"PART ONE OF ""ANIMAL HOUSE,""� A CROSSOVER WITH HOWARD THE DUCK! Squirrel Girl and Howard will team up against an enemy that neither Squirrel Girl (who has defeated Galactus) or Howard the Duck (who has defeated... uh... well, listen, I m sure he s got other qualities) could take down on their own! Will they fight over a trivial misunderstanding? Will they band together against a common enemy? Will Squirrel Girl say ""duck!""� to mean ""lower your head""� but Howard will misinterpret it as a call for his attention, leading him to get hit on the head by something? At least ONE of those three questions will be answered with a ""yes""� in this issue! CONCLUDED NEXT MONTH IN HOWARD THE DUCK #6!";Marvel;2016-01-19T16:05:31+02:00;http://i.annihil.us/u/prod/marvel/i/mg/3/e0/5696b21e184e7;jpg;http://i.annihil.us/u/prod/marvel/i/mg/3/e0/5696b21e184e7;jpg;kCh7SQ9scR6eYdGe;;;;;;;;
87;The Unbeatable Squirrel Girl (2015) ;6 (Henderson Variant);;Marvel;2016-01-15T21:22:34+02:00;http://i.annihil.us/u/prod/marvel/i/mg/b/40/image_not_available;jpg;;;vjSwTTKeLbKS5LO3;;;;;;;;
88;The Unbeatable Squirrel Girl (2015) ;6 (Moor Connecting Variant a);;Marvel;2016-01-15T21:22:35+02:00;http://i.annihil.us/u/prod/marvel/i/mg/b/40/image_not_available;jpg;;;988iOcnhO1MSQ2EN;;;;;;;;
89;The Unbeatable Squirrel Girl (2015) ;6 (Shirahama Wop Variant);;Marvel;2016-01-15T21:22:35+02:00;http://i.annihil.us/u/prod/marvel/i/mg/b/40/image_not_available;jpg;;;wuaHLsQ7X1lkY9RG;;;;;;;;
90;Ultimate Spider-Man Ultimate Collection;(Trade Paperback);;Marvel;2016-01-15T21:22:32+02:00;http://i.annihil.us/u/prod/marvel/i/mg/b/40/image_not_available;jpg;;;g6H2TbFFpR0bcgmV;;;;;;;;
91;Ultimates (2015) ;6;Once he was the Devourer of Worlds -- but now, at long last, his endless hunger has been cured. But is there a hidden price? What does it mean to wring new life from death? What does it mean to be...Galactus? Special guest artist Christian Ward (ODY-C) takes us into the life of the Lifebringer -- for the most cosmic issue yet!;Marvel;2016-01-21T17:23:40+02:00;http://i.annihil.us/u/prod/marvel/i/mg/6/f0/56a0f86f292e6;jpg;http://i.annihil.us/u/prod/marvel/i/mg/6/f0/56a0f86f292e6;jpg;8fFak9GIE7As1NR0;;;;;;;;
92;Uncanny Avengers (2015) ;8;A STANDOFF tie-in! It only took 8 issues, but the Uncanny Avengers have lost their minds. To escape a trap, one Avenger is willing to make the ultimate sacrifice. The Wrecker returns! AND SO DOES...?;Marvel;2016-01-14T19:34:45+02:00;http://i.annihil.us/u/prod/marvel/i/mg/6/70/5697dd001be65;jpg;http://i.annihil.us/u/prod/marvel/i/mg/6/70/5697dd001be65;jpg;EFUhGywxA5q5AdYI;;;;;;;;
93;Uncanny Inhumans;(Trade Paperback);;Marvel;2016-01-19T16:05:37+02:00;http://i.annihil.us/u/prod/marvel/i/mg/b/40/image_not_available;jpg;;;rXm4mDeR4YGCfv4Z;;;;;;;;
94;Uncanny X-Men (2016) ;6;"""APOCALYPSE WARS""� CONTINUES! The first time original X-Man Archangel met Apocalypse, he was transformed into the homicidal Horseman of Death. Breaking free of Apocalypse s grasp, Archangel eventually returned to the X-Men and formed a relationship with his teammate, Psylocke. Now, years later, Psylocke has found a vacant, drone-like Archangel in the guise of Death once more. Fearing he s again fallen under Apocalypse s sway, Psylocke and her team of X-Men embark on a mission to save Archangel s life. But little do they know that they are about to discover a far more horrifying truth than they could have imagined""";Marvel;2016-01-13T23:42:39+02:00;http://i.annihil.us/u/prod/marvel/i/mg/3/e0/5696c525e32b8;jpg;http://i.annihil.us/u/prod/marvel/i/mg/3/e0/5696c525e32b8;jpg;WrIYmGHXgjljF9b0;;;;;;;;
95;Weirdworld (2015) ;5;Morgan Le Fay s Lava Men forces clashes with Jennifer Kale s Man-Thing army! Becca, Goleta and Catbeast must get through the battle, with the help of the DOG FIGHTERS!;Marvel;2016-01-14T23:16:11+02:00;http://i.annihil.us/u/prod/marvel/i/mg/d/e0/5698105539b17;jpg;http://i.annihil.us/u/prod/marvel/i/mg/d/e0/5698105539b17;jpg;Qeio2O4bj5gQ00M8;;;;;;;;
96;X-Men  92 (2016) ;1 (Christopher Action Figure Variant);;Marvel;2016-01-15T21:22:35+02:00;http://i.annihil.us/u/prod/marvel/i/mg/b/40/image_not_available;jpg;;;m3Me6ellgM4ftDDK;;;;;;;;
97;X-Men  92 (2016) ;1 (Richardson Hip-&-Hop Variant);;Marvel;2016-01-15T21:22:33+02:00;http://i.annihil.us/u/prod/marvel/i/mg/b/40/image_not_available;jpg;http://i.annihil.us/u/prod/marvel/i/mg/f/f0/560580b72161c;jpg;fSXv9zeqAzUkgzW6;;;;;;;;
98;X-Men  92 (2016) ;1 (Tbd Artist Variant);;Marvel;2016-01-15T21:22:35+02:00;http://i.annihil.us/u/prod/marvel/i/mg/b/40/image_not_available;jpg;;;nXVdhmS6eylXLNbO;;;;;;;;
99;X-Men  92 (2016) ;2;PONDER: The machinations of the Fenris Twins! FEAR: The terror of Alpha Red! RELISH: The X-Men of the  90s, back in action!;Marvel;2016-01-14T23:25:40+02:00;http://i.annihil.us/u/prod/marvel/i/mg/d/03/5698139c4d305;jpg;http://i.annihil.us/u/prod/marvel/i/mg/d/03/5698139c4d305;jpg;g8IFtrPNpctTqy43;;;;;;;;
100;X-Men: Worst X-Man Ever (2016) ;3;Bailey struggles to fit in among his hated and fear compatriates. PLUS: Meet possibly the most powerful X-Man ever...Miranda? Max Bemis s Mutant Masterpiece continues here!;Marvel;2016-01-20T22:39:05+02:00;http://i.annihil.us/u/prod/marvel/i/mg/9/10/569ff0a6211ad;jpg;http://i.annihil.us/u/prod/marvel/i/mg/9/10/569ff0a6211ad;jpg;K0gASUrVyTCwrbx7;;;;;;;;
